number,output
1,1
2,2
3,Aho
4,4
5,5
6,Aho
7,7
8,8
9,Aho
10,10
11,11
12,Aho
13,Aho
14,14
15,Aho
16,16
17,17
18,Aho
19,19
20,20
21,Aho
22,22
23,Aho
24,Aho
25,25
26,26
27,Aho
28,28
29,29
30,Aho
31,Aho
32,Aho
33,Aho
34,Aho
35,Aho
36,Aho
37,Aho
38,Aho
39,Aho
40,40
41,41
42,Aho
43,Aho
44,44
45,Aho
46,46
47,47
48,Aho
49,49
50,50
51,Aho
52,52
53,Aho
54,Aho
55,55
56,56
57,Aho
58,58
59,59
60,Aho
61,61
62,62
63,Aho
64,64
65,65
66,Aho
67,67
68,68
69,Aho
70,70
71,71
72,Aho
73,Aho
74,74
75,Aho
76,76
77,77
78,Aho
79,79
80,80
81,Aho
82,82
83,Aho
84,Aho
85,85
86,86
87,Aho
88,88
89,89
90,Aho
91,91
92,92
93,Aho
94,94
95,95
96,Aho
97,97
98,98
99,Aho
100,100
101,101
102,Aho
103,Aho
104,104
105,Aho
106,106
107,107
108,Aho
109,109
110,110
111,Aho
112,112
113,Aho
114,Aho
115,115
116,116
117,Aho
118,118
119,119
120,Aho
121,121
122,122
123,Aho
124,124
125,125
126,Aho
127,127
128,128
129,Aho
130,Aho
131,Aho
132,Aho
133,Aho
134,Aho
135,Aho
136,Aho
137,Aho
138,Aho
139,Aho
140,140
141,Aho
142,142
143,Aho
144,Aho
145,145
146,146
147,Aho
148,148
149,149
150,Aho
151,151
152,152
153,Aho
154,154
155,155
156,Aho
157,157
158,158
159,Aho
160,160
161,161
162,Aho
163,Aho
164,164
165,Aho
166,166
167,167
168,Aho
169,169
170,170
171,Aho
172,172
173,Aho
174,Aho
175,175
176,176
177,Aho
178,178
179,179
180,Aho
181,181
182,182
183,Aho
184,184
185,185
186,Aho
187,187
188,188
189,Aho
190,190
191,191
192,Aho
193,Aho
194,194
195,Aho
196,196
197,197
198,Aho
199,199
200,200
201,Aho
202,202
203,Aho
204,Aho
205,205
206,206
207,Aho
208,208
209,209
210,Aho
211,211
212,212
213,Aho
214,214
215,215
216,Aho
217,217
218,218
219,Aho
220,220
221,221
222,Aho
223,Aho
224,224
225,Aho
226,226
227,227
228,Aho
229,229
230,Aho
231,Aho
232,Aho
233,Aho
234,Aho
235,Aho
236,Aho
237,Aho
238,Aho
239,Aho
240,Aho
241,241
242,242
243,Aho
244,244
245,245
246,Aho
247,247
248,248
249,Aho
250,250
251,251
252,Aho
253,Aho
254,254
255,Aho
256,256
257,257
258,Aho
259,259
260,260
261,Aho
262,262
263,Aho
264,Aho
265,265
266,266
267,Aho
268,268
269,269
270,Aho
271,271
272,272
273,Aho
274,274
275,275
276,Aho
277,277
278,278
279,Aho
280,280
281,281
282,Aho
283,Aho
284,284
285,Aho
286,286
287,287
288,Aho
289,289
290,290
291,Aho
292,292
293,Aho
294,Aho
295,295
296,296
297,Aho
298,298
299,299
300,Aho
301,Aho
302,Aho
303,Aho
304,Aho
305,Aho
306,Aho
307,Aho
308,Aho
309,Aho
310,Aho
311,Aho
312,Aho
313,Aho
314,Aho
315,Aho
316,Aho
317,Aho
318,Aho
319,Aho
320,Aho
321,Aho
322,Aho
323,Aho
324,Aho
325,Aho
326,Aho
327,Aho
328,Aho
329,Aho
330,Aho
331,Aho
332,Aho
333,Aho
334,Aho
335,Aho
336,Aho
337,Aho
338,Aho
339,Aho
340,Aho
341,Aho
342,Aho
343,Aho
344,Aho
345,Aho
346,Aho
347,Aho
348,Aho
349,Aho
350,Aho
351,Aho
352,Aho
353,Aho
354,Aho
355,Aho
356,Aho
357,Aho
358,Aho
359,Aho
360,Aho
361,Aho
362,Aho
363,Aho
364,Aho
365,Aho
366,Aho
367,Aho
368,Aho
369,Aho
370,Aho
371,Aho
372,Aho
373,Aho
374,Aho
375,Aho
376,Aho
377,Aho
378,Aho
379,Aho
380,Aho
381,Aho
382,Aho
383,Aho
384,Aho
385,Aho
386,Aho
387,Aho
388,Aho
389,Aho
390,Aho
391,Aho
392,Aho
393,Aho
394,Aho
395,Aho
396,Aho
397,Aho
398,Aho
399,Aho
400,400
401,401
402,Aho
403,Aho
404,404
405,Aho
406,406
407,407
408,Aho
409,409
410,410
411,Aho
412,412
413,Aho
414,Aho
415,415
416,416
417,Aho
418,418
419,419
420,Aho
421,421
422,422
423,Aho
424,424
425,425
426,Aho
427,427
428,428
429,Aho
430,Aho
431,Aho
432,Aho
433,Aho
434,Aho
435,Aho
436,Aho
437,Aho
438,Aho
439,Aho
440,440
441,Aho
442,442
443,Aho
444,Aho
445,445
446,446
447,Aho
448,448
449,449
450,Aho
451,451
452,452
453,Aho
454,454
455,455
456,Aho
457,457
458,458
459,Aho
460,460
461,461
462,Aho
463,Aho
464,464
465,Aho
466,466
467,467
468,Aho
469,469
470,470
471,Aho
472,472
473,Aho
474,Aho
475,475
476,476
477,Aho
478,478
479,479
480,Aho
481,481
482,482
483,Aho
484,484
485,485
486,Aho
487,487
488,488
489,Aho
490,490
491,491
492,Aho
493,Aho
494,494
495,Aho
496,496
497,497
498,Aho
499,499
500,500
501,Aho
502,502
503,Aho
504,Aho
505,505
506,506
507,Aho
508,508
509,509
510,Aho
511,511
512,512
513,Aho
514,514
515,515
516,Aho
517,517
518,518
519,Aho
520,520
521,521
522,Aho
523,Aho
524,524
525,Aho
526,526
527,527
528,Aho
529,529
530,Aho
531,Aho
532,Aho
533,Aho
534,Aho
535,Aho
536,Aho
537,Aho
538,Aho
539,Aho
540,Aho
541,541
542,542
543,Aho
544,544
545,545
546,Aho
547,547
548,548
549,Aho
550,550
551,551
552,Aho
553,Aho
554,554
555,Aho
556,556
557,557
558,Aho
559,559
560,560
561,Aho
562,562
563,Aho
564,Aho
565,565
566,566
567,Aho
568,568
569,569
570,Aho
571,571
572,572
573,Aho
574,574
575,575
576,Aho
577,577
578,578
579,Aho
580,580
581,581
582,Aho
583,Aho
584,584
585,Aho
586,586
587,587
588,Aho
589,589
590,590
591,Aho
592,592
593,Aho
594,Aho
595,595
596,596
597,Aho
598,598
599,599
600,Aho
601,601
602,602
603,Aho
604,604
605,605
606,Aho
607,607
608,608
609,Aho
610,610
611,611
612,Aho
613,Aho
614,614
615,Aho
616,616
617,617
618,Aho
619,619
620,620
621,Aho
622,622
623,Aho
624,Aho
625,625
626,626
627,Aho
628,628
629,629
630,Aho
631,Aho
632,Aho
633,Aho
634,Aho
635,Aho
636,Aho
637,Aho
638,Aho
639,Aho
640,640
641,641
642,Aho
643,Aho
644,644
645,Aho
646,646
647,647
648,Aho
649,649
650,650
651,Aho
652,652
653,Aho
654,Aho
655,655
656,656
657,Aho
658,658
659,659
660,Aho
661,661
662,662
663,Aho
664,664
665,665
666,Aho
667,667
668,668
669,Aho
670,670
671,671
672,Aho
673,Aho
674,674
675,Aho
676,676
677,677
678,Aho
679,679
680,680
681,Aho
682,682
683,Aho
684,Aho
685,685
686,686
687,Aho
688,688
689,689
690,Aho
691,691
692,692
693,Aho
694,694
695,695
696,Aho
697,697
698,698
699,Aho
700,700
701,701
702,Aho
703,Aho
704,704
705,Aho
706,706
707,707
708,Aho
709,709
710,710
711,Aho
712,712
713,Aho
714,Aho
715,715
716,716
717,Aho
718,718
719,719
720,Aho
721,721
722,722
723,Aho
724,724
725,725
726,Aho
727,727
728,728
729,Aho
730,Aho
731,Aho
732,Aho
733,Aho
734,Aho
735,Aho
736,Aho
737,Aho
738,Aho
739,Aho
740,740
741,Aho
742,742
743,Aho
744,Aho
745,745
746,746
747,Aho
748,748
749,749
750,Aho
751,751
752,752
753,Aho
754,754
755,755
756,Aho
757,757
758,758
759,Aho
760,760
761,761
762,Aho
763,Aho
764,764
765,Aho
766,766
767,767
768,Aho
769,769
770,770
771,Aho
772,772
773,Aho
774,Aho
775,775
776,776
777,Aho
778,778
779,779
780,Aho
781,781
782,782
783,Aho
784,784
785,785
786,Aho
787,787
788,788
789,Aho
790,790
791,791
792,Aho
793,Aho
794,794
795,Aho
796,796
797,797
798,Aho
799,799
800,800
801,Aho
802,802
803,Aho
804,Aho
805,805
806,806
807,Aho
808,808
809,809
810,Aho
811,811
812,812
813,Aho
814,814
815,815
816,Aho
817,817
818,818
819,Aho
820,820
821,821
822,Aho
823,Aho
824,824
825,Aho
826,826
827,827
828,Aho
829,829
830,Aho
831,Aho
832,Aho
833,Aho
834,Aho
835,Aho
836,Aho
837,Aho
838,Aho
839,Aho
840,Aho
841,841
842,842
843,Aho
844,844
845,845
846,Aho
847,847
848,848
849,Aho
850,850
851,851
852,Aho
853,Aho
854,854
855,Aho
856,856
857,857
858,Aho
859,859
860,860
861,Aho
862,862
863,Aho
864,Aho
865,865
866,866
867,Aho
868,868
869,869
870,Aho
871,871
872,872
873,Aho
874,874
875,875
876,Aho
877,877
878,878
879,Aho
880,880
881,881
882,Aho
883,Aho
884,884
885,Aho
886,886
887,887
888,Aho
889,889
890,890
891,Aho
892,892
893,Aho
894,Aho
895,895
896,896
897,Aho
898,898
899,899
900,Aho
901,901
902,902
903,Aho
904,904
905,905
906,Aho
907,907
908,908
909,Aho
910,910
911,911
912,Aho
913,Aho
914,914
915,Aho
916,916
917,917
918,Aho
919,919
920,920
921,Aho
922,922
923,Aho
924,Aho
925,925
926,926
927,Aho
928,928
929,929
930,Aho
931,Aho
932,Aho
933,Aho
934,Aho
935,Aho
936,Aho
937,Aho
938,Aho
939,Aho
940,940
941,941
942,Aho
943,Aho
944,944
945,Aho
946,946
947,947
948,Aho
949,949
950,950
951,Aho
952,952
953,Aho
954,Aho
955,955
956,956
957,Aho
958,958
959,959
960,Aho
961,961
962,962
963,Aho
964,964
965,965
966,Aho
967,967
968,968
969,Aho
970,970
971,971
972,Aho
973,Aho
974,974
975,Aho
976,976
977,977
978,Aho
979,979
980,980
981,Aho
982,982
983,Aho
984,Aho
985,985
986,986
987,Aho
988,988
989,989
990,Aho
991,991
992,992
993,Aho
994,994
995,995
996,Aho
997,997
998,998
999,Aho
1000,1000
1001,1001
1002,Aho
1003,Aho
1004,1004
1005,Aho
1006,1006
1007,1007
1008,Aho
1009,1009
1010,1010
1011,Aho
1012,1012
1013,Aho
1014,Aho
1015,1015
1016,1016
1017,Aho
1018,1018
1019,1019
1020,Aho
1021,1021
1022,1022
1023,Aho
1024,1024
1025,1025
1026,Aho
1027,1027
1028,1028
1029,Aho
1030,Aho
1031,Aho
1032,Aho
1033,Aho
1034,Aho
1035,Aho
1036,Aho
1037,Aho
1038,Aho
1039,Aho
1040,1040
1041,Aho
1042,1042
1043,Aho
1044,Aho
1045,1045
1046,1046
1047,Aho
1048,1048
1049,1049
1050,Aho
1051,1051
1052,1052
1053,Aho
1054,1054
1055,1055
1056,Aho
1057,1057
1058,1058
1059,Aho
1060,1060
1061,1061
1062,Aho
1063,Aho
1064,1064
1065,Aho
1066,1066
1067,1067
1068,Aho
1069,1069
1070,1070
1071,Aho
1072,1072
1073,Aho
1074,Aho
1075,1075
1076,1076
1077,Aho
1078,1078
1079,1079
1080,Aho
1081,1081
1082,1082
1083,Aho
1084,1084
1085,1085
1086,Aho
1087,1087
1088,1088
1089,Aho
1090,1090
1091,1091
1092,Aho
1093,Aho
1094,1094
1095,Aho
1096,1096
1097,1097
1098,Aho
1099,1099
1100,1100
1101,Aho
1102,1102
1103,Aho
1104,Aho
1105,1105
1106,1106
1107,Aho
1108,1108
1109,1109
1110,Aho
1111,1111
1112,1112
1113,Aho
1114,1114
1115,1115
1116,Aho
1117,1117
1118,1118
1119,Aho
1120,1120
1121,1121
1122,Aho
1123,Aho
1124,1124
1125,Aho
1126,1126
1127,1127
1128,Aho
1129,1129
1130,Aho
1131,Aho
1132,Aho
1133,Aho
1134,Aho
1135,Aho
1136,Aho
1137,Aho
1138,Aho
1139,Aho
1140,Aho
1141,1141
1142,1142
1143,Aho
1144,1144
1145,1145
1146,Aho
1147,1147
1148,1148
1149,Aho
1150,1150
1151,1151
1152,Aho
1153,Aho
1154,1154
1155,Aho
1156,1156
1157,1157
1158,Aho
1159,1159
1160,1160
1161,Aho
1162,1162
1163,Aho
1164,Aho
1165,1165
1166,1166
1167,Aho
1168,1168
1169,1169
1170,Aho
1171,1171
1172,1172
1173,Aho
1174,1174
1175,1175
1176,Aho
1177,1177
1178,1178
1179,Aho
1180,1180
1181,1181
1182,Aho
1183,Aho
1184,1184
1185,Aho
1186,1186
1187,1187
1188,Aho
1189,1189
1190,1190
1191,Aho
1192,1192
1193,Aho
1194,Aho
1195,1195
1196,1196
1197,Aho
1198,1198
1199,1199
1200,Aho
1201,1201
1202,1202
1203,Aho
1204,1204
1205,1205
1206,Aho
1207,1207
1208,1208
1209,Aho
1210,1210
1211,1211
1212,Aho
1213,Aho
1214,1214
1215,Aho
1216,1216
1217,1217
1218,Aho
1219,1219
1220,1220
1221,Aho
1222,1222
1223,Aho
1224,Aho
1225,1225
1226,1226
1227,Aho
1228,1228
1229,1229
1230,Aho
1231,Aho
1232,Aho
1233,Aho
1234,Aho
1235,Aho
1236,Aho
1237,Aho
1238,Aho
1239,Aho
1240,1240
1241,1241
1242,Aho
1243,Aho
1244,1244
1245,Aho
1246,1246
1247,1247
1248,Aho
1249,1249
1250,1250
1251,Aho
1252,1252
1253,Aho
1254,Aho
1255,1255
1256,1256
1257,Aho
1258,1258
1259,1259
1260,Aho
1261,1261
1262,1262
1263,Aho
1264,1264
1265,1265
1266,Aho
1267,1267
1268,1268
1269,Aho
1270,1270
1271,1271
1272,Aho
1273,Aho
1274,1274
1275,Aho
1276,1276
1277,1277
1278,Aho
1279,1279
1280,1280
1281,Aho
1282,1282
1283,Aho
1284,Aho
1285,1285
1286,1286
1287,Aho
1288,1288
1289,1289
1290,Aho
1291,1291
1292,1292
1293,Aho
1294,1294
1295,1295
1296,Aho
1297,1297
1298,1298
1299,Aho
1300,Aho
1301,Aho
1302,Aho
1303,Aho
1304,Aho
1305,Aho
1306,Aho
1307,Aho
1308,Aho
1309,Aho
1310,Aho
1311,Aho
1312,Aho
1313,Aho
1314,Aho
1315,Aho
1316,Aho
1317,Aho
1318,Aho
1319,Aho
1320,Aho
1321,Aho
1322,Aho
1323,Aho
1324,Aho
1325,Aho
1326,Aho
1327,Aho
1328,Aho
1329,Aho
1330,Aho
1331,Aho
1332,Aho
1333,Aho
1334,Aho
1335,Aho
1336,Aho
1337,Aho
1338,Aho
1339,Aho
1340,Aho
1341,Aho
1342,Aho
1343,Aho
1344,Aho
1345,Aho
1346,Aho
1347,Aho
1348,Aho
1349,Aho
1350,Aho
1351,Aho
1352,Aho
1353,Aho
1354,Aho
1355,Aho
1356,Aho
1357,Aho
1358,Aho
1359,Aho
1360,Aho
1361,Aho
1362,Aho
1363,Aho
1364,Aho
1365,Aho
1366,Aho
1367,Aho
1368,Aho
1369,Aho
1370,Aho
1371,Aho
1372,Aho
1373,Aho
1374,Aho
1375,Aho
1376,Aho
1377,Aho
1378,Aho
1379,Aho
1380,Aho
1381,Aho
1382,Aho
1383,Aho
1384,Aho
1385,Aho
1386,Aho
1387,Aho
1388,Aho
1389,Aho
1390,Aho
1391,Aho
1392,Aho
1393,Aho
1394,Aho
1395,Aho
1396,Aho
1397,Aho
1398,Aho
1399,Aho
1400,1400
1401,Aho
1402,1402
1403,Aho
1404,Aho
1405,1405
1406,1406
1407,Aho
1408,1408
1409,1409
1410,Aho
1411,1411
1412,1412
1413,Aho
1414,1414
1415,1415
1416,Aho
1417,1417
1418,1418
1419,Aho
1420,1420
1421,1421
1422,Aho
1423,Aho
1424,1424
1425,Aho
1426,1426
1427,1427
1428,Aho
1429,1429
1430,Aho
1431,Aho
1432,Aho
1433,Aho
1434,Aho
1435,Aho
1436,Aho
1437,Aho
1438,Aho
1439,Aho
1440,Aho
1441,1441
1442,1442
1443,Aho
1444,1444
1445,1445
1446,Aho
1447,1447
1448,1448
1449,Aho
1450,1450
1451,1451
1452,Aho
1453,Aho
1454,1454
1455,Aho
1456,1456
1457,1457
1458,Aho
1459,1459
1460,1460
1461,Aho
1462,1462
1463,Aho
1464,Aho
1465,1465
1466,1466
1467,Aho
1468,1468
1469,1469
1470,Aho
1471,1471
1472,1472
1473,Aho
1474,1474
1475,1475
1476,Aho
1477,1477
1478,1478
1479,Aho
1480,1480
1481,1481
1482,Aho
1483,Aho
1484,1484
1485,Aho
1486,1486
1487,1487
1488,Aho
1489,1489
1490,1490
1491,Aho
1492,1492
1493,Aho
1494,Aho
1495,1495
1496,1496
1497,Aho
1498,1498
1499,1499
1500,Aho
1501,1501
1502,1502
1503,Aho
1504,1504
1505,1505
1506,Aho
1507,1507
1508,1508
1509,Aho
1510,1510
1511,1511
1512,Aho
1513,Aho
1514,1514
1515,Aho
1516,1516
1517,1517
1518,Aho
1519,1519
1520,1520
1521,Aho
1522,1522
1523,Aho
1524,Aho
1525,1525
1526,1526
1527,Aho
1528,1528
1529,1529
1530,Aho
1531,Aho
1532,Aho
1533,Aho
1534,Aho
1535,Aho
1536,Aho
1537,Aho
1538,Aho
1539,Aho
1540,1540
1541,1541
1542,Aho
1543,Aho
1544,1544
1545,Aho
1546,1546
1547,1547
1548,Aho
1549,1549
1550,1550
1551,Aho
1552,1552
1553,Aho
1554,Aho
1555,1555
1556,1556
1557,Aho
1558,1558
1559,1559
1560,Aho
1561,1561
1562,1562
1563,Aho
1564,1564
1565,1565
1566,Aho
1567,1567
1568,1568
1569,Aho
1570,1570
1571,1571
1572,Aho
1573,Aho
1574,1574
1575,Aho
1576,1576
1577,1577
1578,Aho
1579,1579
1580,1580
1581,Aho
1582,1582
1583,Aho
1584,Aho
1585,1585
1586,1586
1587,Aho
1588,1588
1589,1589
1590,Aho
1591,1591
1592,1592
1593,Aho
1594,1594
1595,1595
1596,Aho
1597,1597
1598,1598
1599,Aho
1600,1600
1601,1601
1602,Aho
1603,Aho
1604,1604
1605,Aho
1606,1606
1607,1607
1608,Aho
1609,1609
1610,1610
1611,Aho
1612,1612
1613,Aho
1614,Aho
1615,1615
1616,1616
1617,Aho
1618,1618
1619,1619
1620,Aho
1621,1621
1622,1622
1623,Aho
1624,1624
1625,1625
1626,Aho
1627,1627
1628,1628
1629,Aho
1630,Aho
1631,Aho
1632,Aho
1633,Aho
1634,Aho
1635,Aho
1636,Aho
1637,Aho
1638,Aho
1639,Aho
1640,1640
1641,Aho
1642,1642
1643,Aho
1644,Aho
1645,1645
1646,1646
1647,Aho
1648,1648
1649,1649
1650,Aho
1651,1651
1652,1652
1653,Aho
1654,1654
1655,1655
1656,Aho
1657,1657
1658,1658
1659,Aho
1660,1660
1661,1661
1662,Aho
1663,Aho
1664,1664
1665,Aho
1666,1666
1667,1667
1668,Aho
1669,1669
1670,1670
1671,Aho
1672,1672
1673,Aho
1674,Aho
1675,1675
1676,1676
1677,Aho
1678,1678
1679,1679
1680,Aho
1681,1681
1682,1682
1683,Aho
1684,1684
1685,1685
1686,Aho
1687,1687
1688,1688
1689,Aho
1690,1690
1691,1691
1692,Aho
1693,Aho
1694,1694
1695,Aho
1696,1696
1697,1697
1698,Aho
1699,1699
1700,1700
1701,Aho
1702,1702
1703,Aho
1704,Aho
1705,1705
1706,1706
1707,Aho
1708,1708
1709,1709
1710,Aho
1711,1711
1712,1712
1713,Aho
1714,1714
1715,1715
1716,Aho
1717,1717
1718,1718
1719,Aho
1720,1720
1721,1721
1722,Aho
1723,Aho
1724,1724
1725,Aho
1726,1726
1727,1727
1728,Aho
1729,1729
1730,Aho
1731,Aho
1732,Aho
1733,Aho
1734,Aho
1735,Aho
1736,Aho
1737,Aho
1738,Aho
1739,Aho
1740,Aho
1741,1741
1742,1742
1743,Aho
1744,1744
1745,1745
1746,Aho
1747,1747
1748,1748
1749,Aho
1750,1750
1751,1751
1752,Aho
1753,Aho
1754,1754
1755,Aho
1756,1756
1757,1757
1758,Aho
1759,1759
1760,1760
1761,Aho
1762,1762
1763,Aho
1764,Aho
1765,1765
1766,1766
1767,Aho
1768,1768
1769,1769
1770,Aho
1771,1771
1772,1772
1773,Aho
1774,1774
1775,1775
1776,Aho
1777,1777
1778,1778
1779,Aho
1780,1780
1781,1781
1782,Aho
1783,Aho
1784,1784
1785,Aho
1786,1786
1787,1787
1788,Aho
1789,1789
1790,1790
1791,Aho
1792,1792
1793,Aho
1794,Aho
1795,1795
1796,1796
1797,Aho
1798,1798
1799,1799
1800,Aho
1801,1801
1802,1802
1803,Aho
1804,1804
1805,1805
1806,Aho
1807,1807
1808,1808
1809,Aho
1810,1810
1811,1811
1812,Aho
1813,Aho
1814,1814
1815,Aho
1816,1816
1817,1817
1818,Aho
1819,1819
1820,1820
1821,Aho
1822,1822
1823,Aho
1824,Aho
1825,1825
1826,1826
1827,Aho
1828,1828
1829,1829
1830,Aho
1831,Aho
1832,Aho
1833,Aho
1834,Aho
1835,Aho
1836,Aho
1837,Aho
1838,Aho
1839,Aho
1840,1840
1841,1841
1842,Aho
1843,Aho
1844,1844
1845,Aho
1846,1846
1847,1847
1848,Aho
1849,1849
1850,1850
1851,Aho
1852,1852
1853,Aho
1854,Aho
1855,1855
1856,1856
1857,Aho
1858,1858
1859,1859
1860,Aho
1861,1861
1862,1862
1863,Aho
1864,1864
1865,1865
1866,Aho
1867,1867
1868,1868
1869,Aho
1870,1870
1871,1871
1872,Aho
1873,Aho
1874,1874
1875,Aho
1876,1876
1877,1877
1878,Aho
1879,1879
1880,1880
1881,Aho
1882,1882
1883,Aho
1884,Aho
1885,1885
1886,1886
1887,Aho
1888,1888
1889,1889
1890,Aho
1891,1891
1892,1892
1893,Aho
1894,1894
1895,1895
1896,Aho
1897,1897
1898,1898
1899,Aho
1900,1900
1901,1901
1902,Aho
1903,Aho
1904,1904
1905,Aho
1906,1906
1907,1907
1908,Aho
1909,1909
1910,1910
1911,Aho
1912,1912
1913,Aho
1914,Aho
1915,1915
1916,1916
1917,Aho
1918,1918
1919,1919
1920,Aho
1921,1921
1922,1922
1923,Aho
1924,1924
1925,1925
1926,Aho
1927,1927
1928,1928
1929,Aho
1930,Aho
1931,Aho
1932,Aho
1933,Aho
1934,Aho
1935,Aho
1936,Aho
1937,Aho
1938,Aho
1939,Aho
1940,1940
1941,Aho
1942,1942
1943,Aho
1944,Aho
1945,1945
1946,1946
1947,Aho
1948,1948
1949,1949
1950,Aho
1951,1951
1952,1952
1953,Aho
1954,1954
1955,1955
1956,Aho
1957,1957
1958,1958
1959,Aho
1960,1960
1961,1961
1962,Aho
1963,Aho
1964,1964
1965,Aho
1966,1966
1967,1967
1968,Aho
1969,1969
1970,1970
1971,Aho
1972,1972
1973,Aho
1974,Aho
1975,1975
1976,1976
1977,Aho
1978,1978
1979,1979
1980,Aho
1981,1981
1982,1982
1983,Aho
1984,1984
1985,1985
1986,Aho
1987,1987
1988,1988
1989,Aho
1990,1990
1991,1991
1992,Aho
1993,Aho
1994,1994
1995,Aho
1996,1996
1997,1997
1998,Aho
1999,1999
2000,2000
2001,Aho
2002,2002
2003,Aho
2004,Aho
2005,2005
2006,2006
2007,Aho
2008,2008
2009,2009
2010,Aho
2011,2011
2012,2012
2013,Aho
2014,2014
2015,2015
2016,Aho
2017,2017
2018,2018
2019,Aho
2020,2020
2021,2021
2022,Aho
2023,Aho
2024,2024
2025,Aho
2026,2026
2027,2027
2028,Aho
2029,2029
2030,Aho
2031,Aho
2032,Aho
2033,Aho
2034,Aho
2035,Aho
2036,Aho
2037,Aho
2038,Aho
2039,Aho
2040,Aho
2041,2041
2042,2042
2043,Aho
2044,2044
2045,2045
2046,Aho
2047,2047
2048,2048
2049,Aho
2050,2050
2051,2051
2052,Aho
2053,Aho
2054,2054
2055,Aho
2056,2056
2057,2057
2058,Aho
2059,2059
2060,2060
2061,Aho
2062,2062
2063,Aho
2064,Aho
2065,2065
2066,2066
2067,Aho
2068,2068
2069,2069
2070,Aho
2071,2071
2072,2072
2073,Aho
2074,2074
2075,2075
2076,Aho
2077,2077
2078,2078
2079,Aho
2080,2080
2081,2081
2082,Aho
2083,Aho
2084,2084
2085,Aho
2086,2086
2087,2087
2088,Aho
2089,2089
2090,2090
2091,Aho
2092,2092
2093,Aho
2094,Aho
2095,2095
2096,2096
2097,Aho
2098,2098
2099,2099
2100,Aho
2101,2101
2102,2102
2103,Aho
2104,2104
2105,2105
2106,Aho
2107,2107
2108,2108
2109,Aho
2110,2110
2111,2111
2112,Aho
2113,Aho
2114,2114
2115,Aho
2116,2116
2117,2117
2118,Aho
2119,2119
2120,2120
2121,Aho
2122,2122
2123,Aho
2124,Aho
2125,2125
2126,2126
2127,Aho
2128,2128
2129,2129
2130,Aho
2131,Aho
2132,Aho
2133,Aho
2134,Aho
2135,Aho
2136,Aho
2137,Aho
2138,Aho
2139,Aho
2140,2140
2141,2141
2142,Aho
2143,Aho
2144,2144
2145,Aho
2146,2146
2147,2147
2148,Aho
2149,2149
2150,2150
2151,Aho
2152,2152
2153,Aho
2154,Aho
2155,2155
2156,2156
2157,Aho
2158,2158
2159,2159
2160,Aho
2161,2161
2162,2162
2163,Aho
2164,2164
2165,2165
2166,Aho
2167,2167
2168,2168
2169,Aho
2170,2170
2171,2171
2172,Aho
2173,Aho
2174,2174
2175,Aho
2176,2176
2177,2177
2178,Aho
2179,2179
2180,2180
2181,Aho
2182,2182
2183,Aho
2184,Aho
2185,2185
2186,2186
2187,Aho
2188,2188
2189,2189
2190,Aho
2191,2191
2192,2192
2193,Aho
2194,2194
2195,2195
2196,Aho
2197,2197
2198,2198
2199,Aho
2200,2200
2201,2201
2202,Aho
2203,Aho
2204,2204
2205,Aho
2206,2206
2207,2207
2208,Aho
2209,2209
2210,2210
2211,Aho
2212,2212
2213,Aho
2214,Aho
2215,2215
2216,2216
2217,Aho
2218,2218
2219,2219
2220,Aho
2221,2221
2222,2222
2223,Aho
2224,2224
2225,2225
2226,Aho
2227,2227
2228,2228
2229,Aho
2230,Aho
2231,Aho
2232,Aho
2233,Aho
2234,Aho
2235,Aho
2236,Aho
2237,Aho
2238,Aho
2239,Aho
2240,2240
2241,Aho
2242,2242
2243,Aho
2244,Aho
2245,2245
2246,2246
2247,Aho
2248,2248
2249,2249
2250,Aho
2251,2251
2252,2252
2253,Aho
2254,2254
2255,2255
2256,Aho
2257,2257
2258,2258
2259,Aho
2260,2260
2261,2261
2262,Aho
2263,Aho
2264,2264
2265,Aho
2266,2266
2267,2267
2268,Aho
2269,2269
2270,2270
2271,Aho
2272,2272
2273,Aho
2274,Aho
2275,2275
2276,2276
2277,Aho
2278,2278
2279,2279
2280,Aho
2281,2281
2282,2282
2283,Aho
2284,2284
2285,2285
2286,Aho
2287,2287
2288,2288
2289,Aho
2290,2290
2291,2291
2292,Aho
2293,Aho
2294,2294
2295,Aho
2296,2296
2297,2297
2298,Aho
2299,2299
2300,Aho
2301,Aho
2302,Aho
2303,Aho
2304,Aho
2305,Aho
2306,Aho
2307,Aho
2308,Aho
2309,Aho
2310,Aho
2311,Aho
2312,Aho
2313,Aho
2314,Aho
2315,Aho
2316,Aho
2317,Aho
2318,Aho
2319,Aho
2320,Aho
2321,Aho
2322,Aho
2323,Aho
2324,Aho
2325,Aho
2326,Aho
2327,Aho
2328,Aho
2329,Aho
2330,Aho
2331,Aho
2332,Aho
2333,Aho
2334,Aho
2335,Aho
2336,Aho
2337,Aho
2338,Aho
2339,Aho
2340,Aho
2341,Aho
2342,Aho
2343,Aho
2344,Aho
2345,Aho
2346,Aho
2347,Aho
2348,Aho
2349,Aho
2350,Aho
2351,Aho
2352,Aho
2353,Aho
2354,Aho
2355,Aho
2356,Aho
2357,Aho
2358,Aho
2359,Aho
2360,Aho
2361,Aho
2362,Aho
2363,Aho
2364,Aho
2365,Aho
2366,Aho
2367,Aho
2368,Aho
2369,Aho
2370,Aho
2371,Aho
2372,Aho
2373,Aho
2374,Aho
2375,Aho
2376,Aho
2377,Aho
2378,Aho
2379,Aho
2380,Aho
2381,Aho
2382,Aho
2383,Aho
2384,Aho
2385,Aho
2386,Aho
2387,Aho
2388,Aho
2389,Aho
2390,Aho
2391,Aho
2392,Aho
2393,Aho
2394,Aho
2395,Aho
2396,Aho
2397,Aho
2398,Aho
2399,Aho
2400,Aho
2401,2401
2402,2402
2403,Aho
2404,2404
2405,2405
2406,Aho
2407,2407
2408,2408
2409,Aho
2410,2410
2411,2411
2412,Aho
2413,Aho
2414,2414
2415,Aho
2416,2416
2417,2417
2418,Aho
2419,2419
2420,2420
2421,Aho
2422,2422
2423,Aho
2424,Aho
2425,2425
2426,2426
2427,Aho
2428,2428
2429,2429
2430,Aho
2431,Aho
2432,Aho
2433,Aho
2434,Aho
2435,Aho
2436,Aho
2437,Aho
2438,Aho
2439,Aho
2440,2440
2441,2441
2442,Aho
2443,Aho
2444,2444
2445,Aho
2446,2446
2447,2447
2448,Aho
2449,2449
2450,2450
2451,Aho
2452,2452
2453,Aho
2454,Aho
2455,2455
2456,2456
2457,Aho
2458,2458
2459,2459
2460,Aho
2461,2461
2462,2462
2463,Aho
2464,2464
2465,2465
2466,Aho
2467,2467
2468,2468
2469,Aho
2470,2470
2471,2471
2472,Aho
2473,Aho
2474,2474
2475,Aho
2476,2476
2477,2477
2478,Aho
2479,2479
2480,2480
2481,Aho
2482,2482
2483,Aho
2484,Aho
2485,2485
2486,2486
2487,Aho
2488,2488
2489,2489
2490,Aho
2491,2491
2492,2492
2493,Aho
2494,2494
2495,2495
2496,Aho
2497,2497
2498,2498
2499,Aho
2500,2500
2501,2501
2502,Aho
2503,Aho
2504,2504
2505,Aho
2506,2506
2507,2507
2508,Aho
2509,2509
2510,2510
2511,Aho
2512,2512
2513,Aho
2514,Aho
2515,2515
2516,2516
2517,Aho
2518,2518
2519,2519
2520,Aho
2521,2521
2522,2522
2523,Aho
2524,2524
2525,2525
2526,Aho
2527,2527
2528,2528
2529,Aho
2530,Aho
2531,Aho
2532,Aho
2533,Aho
2534,Aho
2535,Aho
2536,Aho
2537,Aho
2538,Aho
2539,Aho
2540,2540
2541,Aho
2542,2542
2543,Aho
2544,Aho
2545,2545
2546,2546
2547,Aho
2548,2548
2549,2549
2550,Aho
2551,2551
2552,2552
2553,Aho
2554,2554
2555,2555
2556,Aho
2557,2557
2558,2558
2559,Aho
2560,2560
2561,2561
2562,Aho
2563,Aho
2564,2564
2565,Aho
2566,2566
2567,2567
2568,Aho
2569,2569
2570,2570
2571,Aho
2572,2572
2573,Aho
2574,Aho
2575,2575
2576,2576
2577,Aho
2578,2578
2579,2579
2580,Aho
2581,2581
2582,2582
2583,Aho
2584,2584
2585,2585
2586,Aho
2587,2587
2588,2588
2589,Aho
2590,2590
2591,2591
2592,Aho
2593,Aho
2594,2594
2595,Aho
2596,2596
2597,2597
2598,Aho
2599,2599
2600,2600
2601,Aho
2602,2602
2603,Aho
2604,Aho
2605,2605
2606,2606
2607,Aho
2608,2608
2609,2609
2610,Aho
2611,2611
2612,2612
2613,Aho
2614,2614
2615,2615
2616,Aho
2617,2617
2618,2618
2619,Aho
2620,2620
2621,2621
2622,Aho
2623,Aho
2624,2624
2625,Aho
2626,2626
2627,2627
2628,Aho
2629,2629
2630,Aho
2631,Aho
2632,Aho
2633,Aho
2634,Aho
2635,Aho
2636,Aho
2637,Aho
2638,Aho
2639,Aho
2640,Aho
2641,2641
2642,2642
2643,Aho
2644,2644
2645,2645
2646,Aho
2647,2647
2648,2648
2649,Aho
2650,2650
2651,2651
2652,Aho
2653,Aho
2654,2654
2655,Aho
2656,2656
2657,2657
2658,Aho
2659,2659
2660,2660
2661,Aho
2662,2662
2663,Aho
2664,Aho
2665,2665
2666,2666
2667,Aho
2668,2668
2669,2669
2670,Aho
2671,2671
2672,2672
2673,Aho
2674,2674
2675,2675
2676,Aho
2677,2677
2678,2678
2679,Aho
2680,2680
2681,2681
2682,Aho
2683,Aho
2684,2684
2685,Aho
2686,2686
2687,2687
2688,Aho
2689,2689
2690,2690
2691,Aho
2692,2692
2693,Aho
2694,Aho
2695,2695
2696,2696
2697,Aho
2698,2698
2699,2699
2700,Aho
2701,2701
2702,2702
2703,Aho
2704,2704
2705,2705
2706,Aho
2707,2707
2708,2708
2709,Aho
2710,2710
2711,2711
2712,Aho
2713,Aho
2714,2714
2715,Aho
2716,2716
2717,2717
2718,Aho
2719,2719
2720,2720
2721,Aho
2722,2722
2723,Aho
2724,Aho
2725,2725
2726,2726
2727,Aho
2728,2728
2729,2729
2730,Aho
2731,Aho
2732,Aho
2733,Aho
2734,Aho
2735,Aho
2736,Aho
2737,Aho
2738,Aho
2739,Aho
2740,2740
2741,2741
2742,Aho
2743,Aho
2744,2744
2745,Aho
2746,2746
2747,2747
2748,Aho
2749,2749
2750,2750
2751,Aho
2752,2752
2753,Aho
2754,Aho
2755,2755
2756,2756
2757,Aho
2758,2758
2759,2759
2760,Aho
2761,2761
2762,2762
2763,Aho
2764,2764
2765,2765
2766,Aho
2767,2767
2768,2768
2769,Aho
2770,2770
2771,2771
2772,Aho
2773,Aho
2774,2774
2775,Aho
2776,2776
2777,2777
2778,Aho
2779,2779
2780,2780
2781,Aho
2782,2782
2783,Aho
2784,Aho
2785,2785
2786,2786
2787,Aho
2788,2788
2789,2789
2790,Aho
2791,2791
2792,2792
2793,Aho
2794,2794
2795,2795
2796,Aho
2797,2797
2798,2798
2799,Aho
2800,2800
2801,2801
2802,Aho
2803,Aho
2804,2804
2805,Aho
2806,2806
2807,2807
2808,Aho
2809,2809
2810,2810
2811,Aho
2812,2812
2813,Aho
2814,Aho
2815,2815
2816,2816
2817,Aho
2818,2818
2819,2819
2820,Aho
2821,2821
2822,2822
2823,Aho
2824,2824
2825,2825
2826,Aho
2827,2827
2828,2828
2829,Aho
2830,Aho
2831,Aho
2832,Aho
2833,Aho
2834,Aho
2835,Aho
2836,Aho
2837,Aho
2838,Aho
2839,Aho
2840,2840
2841,Aho
2842,2842
2843,Aho
2844,Aho
2845,2845
2846,2846
2847,Aho
2848,2848
2849,2849
2850,Aho
2851,2851
2852,2852
2853,Aho
2854,2854
2855,2855
2856,Aho
2857,2857
2858,2858
2859,Aho
2860,2860
2861,2861
2862,Aho
2863,Aho
2864,2864
2865,Aho
2866,2866
2867,2867
2868,Aho
2869,2869
2870,2870
2871,Aho
2872,2872
2873,Aho
2874,Aho
2875,2875
2876,2876
2877,Aho
2878,2878
2879,2879
2880,Aho
2881,2881
2882,2882
2883,Aho
2884,2884
2885,2885
2886,Aho
2887,2887
2888,2888
2889,Aho
2890,2890
2891,2891
2892,Aho
2893,Aho
2894,2894
2895,Aho
2896,2896
2897,2897
2898,Aho
2899,2899
2900,2900
2901,Aho
2902,2902
2903,Aho
2904,Aho
2905,2905
2906,2906
2907,Aho
2908,2908
2909,2909
2910,Aho
2911,2911
2912,2912
2913,Aho
2914,2914
2915,2915
2916,Aho
2917,2917
2918,2918
2919,Aho
2920,2920
2921,2921
2922,Aho
2923,Aho
2924,2924
2925,Aho
2926,2926
2927,2927
2928,Aho
2929,2929
2930,Aho
2931,Aho
2932,Aho
2933,Aho
2934,Aho
2935,Aho
2936,Aho
2937,Aho
2938,Aho
2939,Aho
2940,Aho
2941,2941
2942,2942
2943,Aho
2944,2944
2945,2945
2946,Aho
2947,2947
2948,2948
2949,Aho
2950,2950
2951,2951
2952,Aho
2953,Aho
2954,2954
2955,Aho
2956,2956
2957,2957
2958,Aho
2959,2959
2960,2960
2961,Aho
2962,2962
2963,Aho
2964,Aho
2965,2965
2966,2966
2967,Aho
2968,2968
2969,2969
2970,Aho
2971,2971
2972,2972
2973,Aho
2974,2974
2975,2975
2976,Aho
2977,2977
2978,2978
2979,Aho
2980,2980
2981,2981
2982,Aho
2983,Aho
2984,2984
2985,Aho
2986,2986
2987,2987
2988,Aho
2989,2989
2990,2990
2991,Aho
2992,2992
2993,Aho
2994,Aho
2995,2995
2996,2996
2997,Aho
2998,2998
2999,2999
3000,Aho
3001,Aho
3002,Aho
3003,Aho
3004,Aho
3005,Aho
3006,Aho
3007,Aho
3008,Aho
3009,Aho
3010,Aho
3011,Aho
3012,Aho
3013,Aho
3014,Aho
3015,Aho
3016,Aho
3017,Aho
3018,Aho
3019,Aho
3020,Aho
3021,Aho
3022,Aho
3023,Aho
3024,Aho
3025,Aho
3026,Aho
3027,Aho
3028,Aho
3029,Aho
3030,Aho
3031,Aho
3032,Aho
3033,Aho
3034,Aho
3035,Aho
3036,Aho
3037,Aho
3038,Aho
3039,Aho
3040,Aho
3041,Aho
3042,Aho
3043,Aho
3044,Aho
3045,Aho
3046,Aho
3047,Aho
3048,Aho
3049,Aho
3050,Aho
3051,Aho
3052,Aho
3053,Aho
3054,Aho
3055,Aho
3056,Aho
3057,Aho
3058,Aho
3059,Aho
3060,Aho
3061,Aho
3062,Aho
3063,Aho
3064,Aho
3065,Aho
3066,Aho
3067,Aho
3068,Aho
3069,Aho
3070,Aho
3071,Aho
3072,Aho
3073,Aho
3074,Aho
3075,Aho
3076,Aho
3077,Aho
3078,Aho
3079,Aho
3080,Aho
3081,Aho
3082,Aho
3083,Aho
3084,Aho
3085,Aho
3086,Aho
3087,Aho
3088,Aho
3089,Aho
3090,Aho
3091,Aho
3092,Aho
3093,Aho
3094,Aho
3095,Aho
3096,Aho
3097,Aho
3098,Aho
3099,Aho
3100,Aho
3101,Aho
3102,Aho
3103,Aho
3104,Aho
3105,Aho
3106,Aho
3107,Aho
3108,Aho
3109,Aho
3110,Aho
3111,Aho
3112,Aho
3113,Aho
3114,Aho
3115,Aho
3116,Aho
3117,Aho
3118,Aho
3119,Aho
3120,Aho
3121,Aho
3122,Aho
3123,Aho
3124,Aho
3125,Aho
3126,Aho
3127,Aho
3128,Aho
3129,Aho
3130,Aho
3131,Aho
3132,Aho
3133,Aho
3134,Aho
3135,Aho
3136,Aho
3137,Aho
3138,Aho
3139,Aho
3140,Aho
3141,Aho
3142,Aho
3143,Aho
3144,Aho
3145,Aho
3146,Aho
3147,Aho
3148,Aho
3149,Aho
3150,Aho
3151,Aho
3152,Aho
3153,Aho
3154,Aho
3155,Aho
3156,Aho
3157,Aho
3158,Aho
3159,Aho
3160,Aho
3161,Aho
3162,Aho
3163,Aho
3164,Aho
3165,Aho
3166,Aho
3167,Aho
3168,Aho
3169,Aho
3170,Aho
3171,Aho
3172,Aho
3173,Aho
3174,Aho
3175,Aho
3176,Aho
3177,Aho
3178,Aho
3179,Aho
3180,Aho
3181,Aho
3182,Aho
3183,Aho
3184,Aho
3185,Aho
3186,Aho
3187,Aho
3188,Aho
3189,Aho
3190,Aho
3191,Aho
3192,Aho
3193,Aho
3194,Aho
3195,Aho
3196,Aho
3197,Aho
3198,Aho
3199,Aho
3200,Aho
3201,Aho
3202,Aho
3203,Aho
3204,Aho
3205,Aho
3206,Aho
3207,Aho
3208,Aho
3209,Aho
3210,Aho
3211,Aho
3212,Aho
3213,Aho
3214,Aho
3215,Aho
3216,Aho
3217,Aho
3218,Aho
3219,Aho
3220,Aho
3221,Aho
3222,Aho
3223,Aho
3224,Aho
3225,Aho
3226,Aho
3227,Aho
3228,Aho
3229,Aho
3230,Aho
3231,Aho
3232,Aho
3233,Aho
3234,Aho
3235,Aho
3236,Aho
3237,Aho
3238,Aho
3239,Aho
3240,Aho
3241,Aho
3242,Aho
3243,Aho
3244,Aho
3245,Aho
3246,Aho
3247,Aho
3248,Aho
3249,Aho
3250,Aho
3251,Aho
3252,Aho
3253,Aho
3254,Aho
3255,Aho
3256,Aho
3257,Aho
3258,Aho
3259,Aho
3260,Aho
3261,Aho
3262,Aho
3263,Aho
3264,Aho
3265,Aho
3266,Aho
3267,Aho
3268,Aho
3269,Aho
3270,Aho
3271,Aho
3272,Aho
3273,Aho
3274,Aho
3275,Aho
3276,Aho
3277,Aho
3278,Aho
3279,Aho
3280,Aho
3281,Aho
3282,Aho
3283,Aho
3284,Aho
3285,Aho
3286,Aho
3287,Aho
3288,Aho
3289,Aho
3290,Aho
3291,Aho
3292,Aho
3293,Aho
3294,Aho
3295,Aho
3296,Aho
3297,Aho
3298,Aho
3299,Aho
3300,Aho
3301,Aho
3302,Aho
3303,Aho
3304,Aho
3305,Aho
3306,Aho
3307,Aho
3308,Aho
3309,Aho
3310,Aho
3311,Aho
3312,Aho
3313,Aho
3314,Aho
3315,Aho
3316,Aho
3317,Aho
3318,Aho
3319,Aho
3320,Aho
3321,Aho
3322,Aho
3323,Aho
3324,Aho
3325,Aho
3326,Aho
3327,Aho
3328,Aho
3329,Aho
3330,Aho
3331,Aho
3332,Aho
3333,Aho
3334,Aho
3335,Aho
3336,Aho
3337,Aho
3338,Aho
3339,Aho
3340,Aho
3341,Aho
3342,Aho
3343,Aho
3344,Aho
3345,Aho
3346,Aho
3347,Aho
3348,Aho
3349,Aho
3350,Aho
3351,Aho
3352,Aho
3353,Aho
3354,Aho
3355,Aho
3356,Aho
3357,Aho
3358,Aho
3359,Aho
3360,Aho
3361,Aho
3362,Aho
3363,Aho
3364,Aho
3365,Aho
3366,Aho
3367,Aho
3368,Aho
3369,Aho
3370,Aho
3371,Aho
3372,Aho
3373,Aho
3374,Aho
3375,Aho
3376,Aho
3377,Aho
3378,Aho
3379,Aho
3380,Aho
3381,Aho
3382,Aho
3383,Aho
3384,Aho
3385,Aho
3386,Aho
3387,Aho
3388,Aho
3389,Aho
3390,Aho
3391,Aho
3392,Aho
3393,Aho
3394,Aho
3395,Aho
3396,Aho
3397,Aho
3398,Aho
3399,Aho
3400,Aho
3401,Aho
3402,Aho
3403,Aho
3404,Aho
3405,Aho
3406,Aho
3407,Aho
3408,Aho
3409,Aho
3410,Aho
3411,Aho
3412,Aho
3413,Aho
3414,Aho
3415,Aho
3416,Aho
3417,Aho
3418,Aho
3419,Aho
3420,Aho
3421,Aho
3422,Aho
3423,Aho
3424,Aho
3425,Aho
3426,Aho
3427,Aho
3428,Aho
3429,Aho
3430,Aho
3431,Aho
3432,Aho
3433,Aho
3434,Aho
3435,Aho
3436,Aho
3437,Aho
3438,Aho
3439,Aho
3440,Aho
3441,Aho
3442,Aho
3443,Aho
3444,Aho
3445,Aho
3446,Aho
3447,Aho
3448,Aho
3449,Aho
3450,Aho
3451,Aho
3452,Aho
3453,Aho
3454,Aho
3455,Aho
3456,Aho
3457,Aho
3458,Aho
3459,Aho
3460,Aho
3461,Aho
3462,Aho
3463,Aho
3464,Aho
3465,Aho
3466,Aho
3467,Aho
3468,Aho
3469,Aho
3470,Aho
3471,Aho
3472,Aho
3473,Aho
3474,Aho
3475,Aho
3476,Aho
3477,Aho
3478,Aho
3479,Aho
3480,Aho
3481,Aho
3482,Aho
3483,Aho
3484,Aho
3485,Aho
3486,Aho
3487,Aho
3488,Aho
3489,Aho
3490,Aho
3491,Aho
3492,Aho
3493,Aho
3494,Aho
3495,Aho
3496,Aho
3497,Aho
3498,Aho
3499,Aho
3500,Aho
3501,Aho
3502,Aho
3503,Aho
3504,Aho
3505,Aho
3506,Aho
3507,Aho
3508,Aho
3509,Aho
3510,Aho
3511,Aho
3512,Aho
3513,Aho
3514,Aho
3515,Aho
3516,Aho
3517,Aho
3518,Aho
3519,Aho
3520,Aho
3521,Aho
3522,Aho
3523,Aho
3524,Aho
3525,Aho
3526,Aho
3527,Aho
3528,Aho
3529,Aho
3530,Aho
3531,Aho
3532,Aho
3533,Aho
3534,Aho
3535,Aho
3536,Aho
3537,Aho
3538,Aho
3539,Aho
3540,Aho
3541,Aho
3542,Aho
3543,Aho
3544,Aho
3545,Aho
3546,Aho
3547,Aho
3548,Aho
3549,Aho
3550,Aho
3551,Aho
3552,Aho
3553,Aho
3554,Aho
3555,Aho
3556,Aho
3557,Aho
3558,Aho
3559,Aho
3560,Aho
3561,Aho
3562,Aho
3563,Aho
3564,Aho
3565,Aho
3566,Aho
3567,Aho
3568,Aho
3569,Aho
3570,Aho
3571,Aho
3572,Aho
3573,Aho
3574,Aho
3575,Aho
3576,Aho
3577,Aho
3578,Aho
3579,Aho
3580,Aho
3581,Aho
3582,Aho
3583,Aho
3584,Aho
3585,Aho
3586,Aho
3587,Aho
3588,Aho
3589,Aho
3590,Aho
3591,Aho
3592,Aho
3593,Aho
3594,Aho
3595,Aho
3596,Aho
3597,Aho
3598,Aho
3599,Aho
3600,Aho
3601,Aho
3602,Aho
3603,Aho
3604,Aho
3605,Aho
3606,Aho
3607,Aho
3608,Aho
3609,Aho
3610,Aho
3611,Aho
3612,Aho
3613,Aho
3614,Aho
3615,Aho
3616,Aho
3617,Aho
3618,Aho
3619,Aho
3620,Aho
3621,Aho
3622,Aho
3623,Aho
3624,Aho
3625,Aho
3626,Aho
3627,Aho
3628,Aho
3629,Aho
3630,Aho
3631,Aho
3632,Aho
3633,Aho
3634,Aho
3635,Aho
3636,Aho
3637,Aho
3638,Aho
3639,Aho
3640,Aho
3641,Aho
3642,Aho
3643,Aho
3644,Aho
3645,Aho
3646,Aho
3647,Aho
3648,Aho
3649,Aho
3650,Aho
3651,Aho
3652,Aho
3653,Aho
3654,Aho
3655,Aho
3656,Aho
3657,Aho
3658,Aho
3659,Aho
3660,Aho
3661,Aho
3662,Aho
3663,Aho
3664,Aho
3665,Aho
3666,Aho
3667,Aho
3668,Aho
3669,Aho
3670,Aho
3671,Aho
3672,Aho
3673,Aho
3674,Aho
3675,Aho
3676,Aho
3677,Aho
3678,Aho
3679,Aho
3680,Aho
3681,Aho
3682,Aho
3683,Aho
3684,Aho
3685,Aho
3686,Aho
3687,Aho
3688,Aho
3689,Aho
3690,Aho
3691,Aho
3692,Aho
3693,Aho
3694,Aho
3695,Aho
3696,Aho
3697,Aho
3698,Aho
3699,Aho
3700,Aho
3701,Aho
3702,Aho
3703,Aho
3704,Aho
3705,Aho
3706,Aho
3707,Aho
3708,Aho
3709,Aho
3710,Aho
3711,Aho
3712,Aho
3713,Aho
3714,Aho
3715,Aho
3716,Aho
3717,Aho
3718,Aho
3719,Aho
3720,Aho
3721,Aho
3722,Aho
3723,Aho
3724,Aho
3725,Aho
3726,Aho
3727,Aho
3728,Aho
3729,Aho
3730,Aho
3731,Aho
3732,Aho
3733,Aho
3734,Aho
3735,Aho
3736,Aho
3737,Aho
3738,Aho
3739,Aho
3740,Aho
3741,Aho
3742,Aho
3743,Aho
3744,Aho
3745,Aho
3746,Aho
3747,Aho
3748,Aho
3749,Aho
3750,Aho
3751,Aho
3752,Aho
3753,Aho
3754,Aho
3755,Aho
3756,Aho
3757,Aho
3758,Aho
3759,Aho
3760,Aho
3761,Aho
3762,Aho
3763,Aho
3764,Aho
3765,Aho
3766,Aho
3767,Aho
3768,Aho
3769,Aho
3770,Aho
3771,Aho
3772,Aho
3773,Aho
3774,Aho
3775,Aho
3776,Aho
3777,Aho
3778,Aho
3779,Aho
3780,Aho
3781,Aho
3782,Aho
3783,Aho
3784,Aho
3785,Aho
3786,Aho
3787,Aho
3788,Aho
3789,Aho
3790,Aho
3791,Aho
3792,Aho
3793,Aho
3794,Aho
3795,Aho
3796,Aho
3797,Aho
3798,Aho
3799,Aho
3800,Aho
3801,Aho
3802,Aho
3803,Aho
3804,Aho
3805,Aho
3806,Aho
3807,Aho
3808,Aho
3809,Aho
3810,Aho
3811,Aho
3812,Aho
3813,Aho
3814,Aho
3815,Aho
3816,Aho
3817,Aho
3818,Aho
3819,Aho
3820,Aho
3821,Aho
3822,Aho
3823,Aho
3824,Aho
3825,Aho
3826,Aho
3827,Aho
3828,Aho
3829,Aho
3830,Aho
3831,Aho
3832,Aho
3833,Aho
3834,Aho
3835,Aho
3836,Aho
3837,Aho
3838,Aho
3839,Aho
3840,Aho
3841,Aho
3842,Aho
3843,Aho
3844,Aho
3845,Aho
3846,Aho
3847,Aho
3848,Aho
3849,Aho
3850,Aho
3851,Aho
3852,Aho
3853,Aho
3854,Aho
3855,Aho
3856,Aho
3857,Aho
3858,Aho
3859,Aho
3860,Aho
3861,Aho
3862,Aho
3863,Aho
3864,Aho
3865,Aho
3866,Aho
3867,Aho
3868,Aho
3869,Aho
3870,Aho
3871,Aho
3872,Aho
3873,Aho
3874,Aho
3875,Aho
3876,Aho
3877,Aho
3878,Aho
3879,Aho
3880,Aho
3881,Aho
3882,Aho
3883,Aho
3884,Aho
3885,Aho
3886,Aho
3887,Aho
3888,Aho
3889,Aho
3890,Aho
3891,Aho
3892,Aho
3893,Aho
3894,Aho
3895,Aho
3896,Aho
3897,Aho
3898,Aho
3899,Aho
3900,Aho
3901,Aho
3902,Aho
3903,Aho
3904,Aho
3905,Aho
3906,Aho
3907,Aho
3908,Aho
3909,Aho
3910,Aho
3911,Aho
3912,Aho
3913,Aho
3914,Aho
3915,Aho
3916,Aho
3917,Aho
3918,Aho
3919,Aho
3920,Aho
3921,Aho
3922,Aho
3923,Aho
3924,Aho
3925,Aho
3926,Aho
3927,Aho
3928,Aho
3929,Aho
3930,Aho
3931,Aho
3932,Aho
3933,Aho
3934,Aho
3935,Aho
3936,Aho
3937,Aho
3938,Aho
3939,Aho
3940,Aho
3941,Aho
3942,Aho
3943,Aho
3944,Aho
3945,Aho
3946,Aho
3947,Aho
3948,Aho
3949,Aho
3950,Aho
3951,Aho
3952,Aho
3953,Aho
3954,Aho
3955,Aho
3956,Aho
3957,Aho
3958,Aho
3959,Aho
3960,Aho
3961,Aho
3962,Aho
3963,Aho
3964,Aho
3965,Aho
3966,Aho
3967,Aho
3968,Aho
3969,Aho
3970,Aho
3971,Aho
3972,Aho
3973,Aho
3974,Aho
3975,Aho
3976,Aho
3977,Aho
3978,Aho
3979,Aho
3980,Aho
3981,Aho
3982,Aho
3983,Aho
3984,Aho
3985,Aho
3986,Aho
3987,Aho
3988,Aho
3989,Aho
3990,Aho
3991,Aho
3992,Aho
3993,Aho
3994,Aho
3995,Aho
3996,Aho
3997,Aho
3998,Aho
3999,Aho
4000,4000
4001,4001
4002,Aho
4003,Aho
4004,4004
4005,Aho
4006,4006
4007,4007
4008,Aho
4009,4009
4010,4010
4011,Aho
4012,4012
4013,Aho
4014,Aho
4015,4015
4016,4016
4017,Aho
4018,4018
4019,4019
4020,Aho
4021,4021
4022,4022
4023,Aho
4024,4024
4025,4025
4026,Aho
4027,4027
4028,4028
4029,Aho
4030,Aho
4031,Aho
4032,Aho
4033,Aho
4034,Aho
4035,Aho
4036,Aho
4037,Aho
4038,Aho
4039,Aho
4040,4040
4041,Aho
4042,4042
4043,Aho
4044,Aho
4045,4045
4046,4046
4047,Aho
4048,4048
4049,4049
4050,Aho
4051,4051
4052,4052
4053,Aho
4054,4054
4055,4055
4056,Aho
4057,4057
4058,4058
4059,Aho
4060,4060
4061,4061
4062,Aho
4063,Aho
4064,4064
4065,Aho
4066,4066
4067,4067
4068,Aho
4069,4069
4070,4070
4071,Aho
4072,4072
4073,Aho
4074,Aho
4075,4075
4076,4076
4077,Aho
4078,4078
4079,4079
4080,Aho
4081,4081
4082,4082
4083,Aho
4084,4084
4085,4085
4086,Aho
4087,4087
4088,4088
4089,Aho
4090,4090
4091,4091
4092,Aho
4093,Aho
4094,4094
4095,Aho
4096,4096
4097,4097
4098,Aho
4099,4099
4100,4100
4101,Aho
4102,4102
4103,Aho
4104,Aho
4105,4105
4106,4106
4107,Aho
4108,4108
4109,4109
4110,Aho
4111,4111
4112,4112
4113,Aho
4114,4114
4115,4115
4116,Aho
4117,4117
4118,4118
4119,Aho
4120,4120
4121,4121
4122,Aho
4123,Aho
4124,4124
4125,Aho
4126,4126
4127,4127
4128,Aho
4129,4129
4130,Aho
4131,Aho
4132,Aho
4133,Aho
4134,Aho
4135,Aho
4136,Aho
4137,Aho
4138,Aho
4139,Aho
4140,Aho
4141,4141
4142,4142
4143,Aho
4144,4144
4145,4145
4146,Aho
4147,4147
4148,4148
4149,Aho
4150,4150
4151,4151
4152,Aho
4153,Aho
4154,4154
4155,Aho
4156,4156
4157,4157
4158,Aho
4159,4159
4160,4160
4161,Aho
4162,4162
4163,Aho
4164,Aho
4165,4165
4166,4166
4167,Aho
4168,4168
4169,4169
4170,Aho
4171,4171
4172,4172
4173,Aho
4174,4174
4175,4175
4176,Aho
4177,4177
4178,4178
4179,Aho
4180,4180
4181,4181
4182,Aho
4183,Aho
4184,4184
4185,Aho
4186,4186
4187,4187
4188,Aho
4189,4189
4190,4190
4191,Aho
4192,4192
4193,Aho
4194,Aho
4195,4195
4196,4196
4197,Aho
4198,4198
4199,4199
4200,Aho
4201,4201
4202,4202
4203,Aho
4204,4204
4205,4205
4206,Aho
4207,4207
4208,4208
4209,Aho
4210,4210
4211,4211
4212,Aho
4213,Aho
4214,4214
4215,Aho
4216,4216
4217,4217
4218,Aho
4219,4219
4220,4220
4221,Aho
4222,4222
4223,Aho
4224,Aho
4225,4225
4226,4226
4227,Aho
4228,4228
4229,4229
4230,Aho
4231,Aho
4232,Aho
4233,Aho
4234,Aho
4235,Aho
4236,Aho
4237,Aho
4238,Aho
4239,Aho
4240,4240
4241,4241
4242,Aho
4243,Aho
4244,4244
4245,Aho
4246,4246
4247,4247
4248,Aho
4249,4249
4250,4250
4251,Aho
4252,4252
4253,Aho
4254,Aho
4255,4255
4256,4256
4257,Aho
4258,4258
4259,4259
4260,Aho
4261,4261
4262,4262
4263,Aho
4264,4264
4265,4265
4266,Aho
4267,4267
4268,4268
4269,Aho
4270,4270
4271,4271
4272,Aho
4273,Aho
4274,4274
4275,Aho
4276,4276
4277,4277
4278,Aho
4279,4279
4280,4280
4281,Aho
4282,4282
4283,Aho
4284,Aho
4285,4285
4286,4286
4287,Aho
4288,4288
4289,4289
4290,Aho
4291,4291
4292,4292
4293,Aho
4294,4294
4295,4295
4296,Aho
4297,4297
4298,4298
4299,Aho
4300,Aho
4301,Aho
4302,Aho
4303,Aho
4304,Aho
4305,Aho
4306,Aho
4307,Aho
4308,Aho
4309,Aho
4310,Aho
4311,Aho
4312,Aho
4313,Aho
4314,Aho
4315,Aho
4316,Aho
4317,Aho
4318,Aho
4319,Aho
4320,Aho
4321,Aho
4322,Aho
4323,Aho
4324,Aho
4325,Aho
4326,Aho
4327,Aho
4328,Aho
4329,Aho
4330,Aho
4331,Aho
4332,Aho
4333,Aho
4334,Aho
4335,Aho
4336,Aho
4337,Aho
4338,Aho
4339,Aho
4340,Aho
4341,Aho
4342,Aho
4343,Aho
4344,Aho
4345,Aho
4346,Aho
4347,Aho
4348,Aho
4349,Aho
4350,Aho
4351,Aho
4352,Aho
4353,Aho
4354,Aho
4355,Aho
4356,Aho
4357,Aho
4358,Aho
4359,Aho
4360,Aho
4361,Aho
4362,Aho
4363,Aho
4364,Aho
4365,Aho
4366,Aho
4367,Aho
4368,Aho
4369,Aho
4370,Aho
4371,Aho
4372,Aho
4373,Aho
4374,Aho
4375,Aho
4376,Aho
4377,Aho
4378,Aho
4379,Aho
4380,Aho
4381,Aho
4382,Aho
4383,Aho
4384,Aho
4385,Aho
4386,Aho
4387,Aho
4388,Aho
4389,Aho
4390,Aho
4391,Aho
4392,Aho
4393,Aho
4394,Aho
4395,Aho
4396,Aho
4397,Aho
4398,Aho
4399,Aho
4400,4400
4401,Aho
4402,4402
4403,Aho
4404,Aho
4405,4405
4406,4406
4407,Aho
4408,4408
4409,4409
4410,Aho
4411,4411
4412,4412
4413,Aho
4414,4414
4415,4415
4416,Aho
4417,4417
4418,4418
4419,Aho
4420,4420
4421,4421
4422,Aho
4423,Aho
4424,4424
4425,Aho
4426,4426
4427,4427
4428,Aho
4429,4429
4430,Aho
4431,Aho
4432,Aho
4433,Aho
4434,Aho
4435,Aho
4436,Aho
4437,Aho
4438,Aho
4439,Aho
4440,Aho
4441,4441
4442,4442
4443,Aho
4444,4444
4445,4445
4446,Aho
4447,4447
4448,4448
4449,Aho
4450,4450
4451,4451
4452,Aho
4453,Aho
4454,4454
4455,Aho
4456,4456
4457,4457
4458,Aho
4459,4459
4460,4460
4461,Aho
4462,4462
4463,Aho
4464,Aho
4465,4465
4466,4466
4467,Aho
4468,4468
4469,4469
4470,Aho
4471,4471
4472,4472
4473,Aho
4474,4474
4475,4475
4476,Aho
4477,4477
4478,4478
4479,Aho
4480,4480
4481,4481
4482,Aho
4483,Aho
4484,4484
4485,Aho
4486,4486
4487,4487
4488,Aho
4489,4489
4490,4490
4491,Aho
4492,4492
4493,Aho
4494,Aho
4495,4495
4496,4496
4497,Aho
4498,4498
4499,4499
4500,Aho
4501,4501
4502,4502
4503,Aho
4504,4504
4505,4505
4506,Aho
4507,4507
4508,4508
4509,Aho
4510,4510
4511,4511
4512,Aho
4513,Aho
4514,4514
4515,Aho
4516,4516
4517,4517
4518,Aho
4519,4519
4520,4520
4521,Aho
4522,4522
4523,Aho
4524,Aho
4525,4525
4526,4526
4527,Aho
4528,4528
4529,4529
4530,Aho
4531,Aho
4532,Aho
4533,Aho
4534,Aho
4535,Aho
4536,Aho
4537,Aho
4538,Aho
4539,Aho
4540,4540
4541,4541
4542,Aho
4543,Aho
4544,4544
4545,Aho
4546,4546
4547,4547
4548,Aho
4549,4549
4550,4550
4551,Aho
4552,4552
4553,Aho
4554,Aho
4555,4555
4556,4556
4557,Aho
4558,4558
4559,4559
4560,Aho
4561,4561
4562,4562
4563,Aho
4564,4564
4565,4565
4566,Aho
4567,4567
4568,4568
4569,Aho
4570,4570
4571,4571
4572,Aho
4573,Aho
4574,4574
4575,Aho
4576,4576
4577,4577
4578,Aho
4579,4579
4580,4580
4581,Aho
4582,4582
4583,Aho
4584,Aho
4585,4585
4586,4586
4587,Aho
4588,4588
4589,4589
4590,Aho
4591,4591
4592,4592
4593,Aho
4594,4594
4595,4595
4596,Aho
4597,4597
4598,4598
4599,Aho
4600,4600
4601,4601
4602,Aho
4603,Aho
4604,4604
4605,Aho
4606,4606
4607,4607
4608,Aho
4609,4609
4610,4610
4611,Aho
4612,4612
4613,Aho
4614,Aho
4615,4615
4616,4616
4617,Aho
4618,4618
4619,4619
4620,Aho
4621,4621
4622,4622
4623,Aho
4624,4624
4625,4625
4626,Aho
4627,4627
4628,4628
4629,Aho
4630,Aho
4631,Aho
4632,Aho
4633,Aho
4634,Aho
4635,Aho
4636,Aho
4637,Aho
4638,Aho
4639,Aho
4640,4640
4641,Aho
4642,4642
4643,Aho
4644,Aho
4645,4645
4646,4646
4647,Aho
4648,4648
4649,4649
4650,Aho
4651,4651
4652,4652
4653,Aho
4654,4654
4655,4655
4656,Aho
4657,4657
4658,4658
4659,Aho
4660,4660
4661,4661
4662,Aho
4663,Aho
4664,4664
4665,Aho
4666,4666
4667,4667
4668,Aho
4669,4669
4670,4670
4671,Aho
4672,4672
4673,Aho
4674,Aho
4675,4675
4676,4676
4677,Aho
4678,4678
4679,4679
4680,Aho
4681,4681
4682,4682
4683,Aho
4684,4684
4685,4685
4686,Aho
4687,4687
4688,4688
4689,Aho
4690,4690
4691,4691
4692,Aho
4693,Aho
4694,4694
4695,Aho
4696,4696
4697,4697
4698,Aho
4699,4699
4700,4700
4701,Aho
4702,4702
4703,Aho
4704,Aho
4705,4705
4706,4706
4707,Aho
4708,4708
4709,4709
4710,Aho
4711,4711
4712,4712
4713,Aho
4714,4714
4715,4715
4716,Aho
4717,4717
4718,4718
4719,Aho
4720,4720
4721,4721
4722,Aho
4723,Aho
4724,4724
4725,Aho
4726,4726
4727,4727
4728,Aho
4729,4729
4730,Aho
4731,Aho
4732,Aho
4733,Aho
4734,Aho
4735,Aho
4736,Aho
4737,Aho
4738,Aho
4739,Aho
4740,Aho
4741,4741
4742,4742
4743,Aho
4744,4744
4745,4745
4746,Aho
4747,4747
4748,4748
4749,Aho
4750,4750
4751,4751
4752,Aho
4753,Aho
4754,4754
4755,Aho
4756,4756
4757,4757
4758,Aho
4759,4759
4760,4760
4761,Aho
4762,4762
4763,Aho
4764,Aho
4765,4765
4766,4766
4767,Aho
4768,4768
4769,4769
4770,Aho
4771,4771
4772,4772
4773,Aho
4774,4774
4775,4775
4776,Aho
4777,4777
4778,4778
4779,Aho
4780,4780
4781,4781
4782,Aho
4783,Aho
4784,4784
4785,Aho
4786,4786
4787,4787
4788,Aho
4789,4789
4790,4790
4791,Aho
4792,4792
4793,Aho
4794,Aho
4795,4795
4796,4796
4797,Aho
4798,4798
4799,4799
4800,Aho
4801,4801
4802,4802
4803,Aho
4804,4804
4805,4805
4806,Aho
4807,4807
4808,4808
4809,Aho
4810,4810
4811,4811
4812,Aho
4813,Aho
4814,4814
4815,Aho
4816,4816
4817,4817
4818,Aho
4819,4819
4820,4820
4821,Aho
4822,4822
4823,Aho
4824,Aho
4825,4825
4826,4826
4827,Aho
4828,4828
4829,4829
4830,Aho
4831,Aho
4832,Aho
4833,Aho
4834,Aho
4835,Aho
4836,Aho
4837,Aho
4838,Aho
4839,Aho
4840,4840
4841,4841
4842,Aho
4843,Aho
4844,4844
4845,Aho
4846,4846
4847,4847
4848,Aho
4849,4849
4850,4850
4851,Aho
4852,4852
4853,Aho
4854,Aho
4855,4855
4856,4856
4857,Aho
4858,4858
4859,4859
4860,Aho
4861,4861
4862,4862
4863,Aho
4864,4864
4865,4865
4866,Aho
4867,4867
4868,4868
4869,Aho
4870,4870
4871,4871
4872,Aho
4873,Aho
4874,4874
4875,Aho
4876,4876
4877,4877
4878,Aho
4879,4879
4880,4880
4881,Aho
4882,4882
4883,Aho
4884,Aho
4885,4885
4886,4886
4887,Aho
4888,4888
4889,4889
4890,Aho
4891,4891
4892,4892
4893,Aho
4894,4894
4895,4895
4896,Aho
4897,4897
4898,4898
4899,Aho
4900,4900
4901,4901
4902,Aho
4903,Aho
4904,4904
4905,Aho
4906,4906
4907,4907
4908,Aho
4909,4909
4910,4910
4911,Aho
4912,4912
4913,Aho
4914,Aho
4915,4915
4916,4916
4917,Aho
4918,4918
4919,4919
4920,Aho
4921,4921
4922,4922
4923,Aho
4924,4924
4925,4925
4926,Aho
4927,4927
4928,4928
4929,Aho
4930,Aho
4931,Aho
4932,Aho
4933,Aho
4934,Aho
4935,Aho
4936,Aho
4937,Aho
4938,Aho
4939,Aho
4940,4940
4941,Aho
4942,4942
4943,Aho
4944,Aho
4945,4945
4946,4946
4947,Aho
4948,4948
4949,4949
4950,Aho
4951,4951
4952,4952
4953,Aho
4954,4954
4955,4955
4956,Aho
4957,4957
4958,4958
4959,Aho
4960,4960
4961,4961
4962,Aho
4963,Aho
4964,4964
4965,Aho
4966,4966
4967,4967
4968,Aho
4969,4969
4970,4970
4971,Aho
4972,4972
4973,Aho
4974,Aho
4975,4975
4976,4976
4977,Aho
4978,4978
4979,4979
4980,Aho
4981,4981
4982,4982
4983,Aho
4984,4984
4985,4985
4986,Aho
4987,4987
4988,4988
4989,Aho
4990,4990
4991,4991
4992,Aho
4993,Aho
4994,4994
4995,Aho
4996,4996
4997,4997
4998,Aho
4999,4999
5000,5000
5001,Aho
5002,5002
5003,Aho
5004,Aho
5005,5005
5006,5006
5007,Aho
5008,5008
5009,5009
5010,Aho
5011,5011
5012,5012
5013,Aho
5014,5014
5015,5015
5016,Aho
5017,5017
5018,5018
5019,Aho
5020,5020
5021,5021
5022,Aho
5023,Aho
5024,5024
5025,Aho
5026,5026
5027,5027
5028,Aho
5029,5029
5030,Aho
5031,Aho
5032,Aho
5033,Aho
5034,Aho
5035,Aho
5036,Aho
5037,Aho
5038,Aho
5039,Aho
5040,Aho
5041,5041
5042,5042
5043,Aho
5044,5044
5045,5045
5046,Aho
5047,5047
5048,5048
5049,Aho
5050,5050
5051,5051
5052,Aho
5053,Aho
5054,5054
5055,Aho
5056,5056
5057,5057
5058,Aho
5059,5059
5060,5060
5061,Aho
5062,5062
5063,Aho
5064,Aho
5065,5065
5066,5066
5067,Aho
5068,5068
5069,5069
5070,Aho
5071,5071
5072,5072
5073,Aho
5074,5074
5075,5075
5076,Aho
5077,5077
5078,5078
5079,Aho
5080,5080
5081,5081
5082,Aho
5083,Aho
5084,5084
5085,Aho
5086,5086
5087,5087
5088,Aho
5089,5089
5090,5090
5091,Aho
5092,5092
5093,Aho
5094,Aho
5095,5095
5096,5096
5097,Aho
5098,5098
5099,5099
5100,Aho
5101,5101
5102,5102
5103,Aho
5104,5104
5105,5105
5106,Aho
5107,5107
5108,5108
5109,Aho
5110,5110
5111,5111
5112,Aho
5113,Aho
5114,5114
5115,Aho
5116,5116
5117,5117
5118,Aho
5119,5119
5120,5120
5121,Aho
5122,5122
5123,Aho
5124,Aho
5125,5125
5126,5126
5127,Aho
5128,5128
5129,5129
5130,Aho
5131,Aho
5132,Aho
5133,Aho
5134,Aho
5135,Aho
5136,Aho
5137,Aho
5138,Aho
5139,Aho
5140,5140
5141,5141
5142,Aho
5143,Aho
5144,5144
5145,Aho
5146,5146
5147,5147
5148,Aho
5149,5149
5150,5150
5151,Aho
5152,5152
5153,Aho
5154,Aho
5155,5155
5156,5156
5157,Aho
5158,5158
5159,5159
5160,Aho
5161,5161
5162,5162
5163,Aho
5164,5164
5165,5165
5166,Aho
5167,5167
5168,5168
5169,Aho
5170,5170
5171,5171
5172,Aho
5173,Aho
5174,5174
5175,Aho
5176,5176
5177,5177
5178,Aho
5179,5179
5180,5180
5181,Aho
5182,5182
5183,Aho
5184,Aho
5185,5185
5186,5186
5187,Aho
5188,5188
5189,5189
5190,Aho
5191,5191
5192,5192
5193,Aho
5194,5194
5195,5195
5196,Aho
5197,5197
5198,5198
5199,Aho
5200,5200
5201,5201
5202,Aho
5203,Aho
5204,5204
5205,Aho
5206,5206
5207,5207
5208,Aho
5209,5209
5210,5210
5211,Aho
5212,5212
5213,Aho
5214,Aho
5215,5215
5216,5216
5217,Aho
5218,5218
5219,5219
5220,Aho
5221,5221
5222,5222
5223,Aho
5224,5224
5225,5225
5226,Aho
5227,5227
5228,5228
5229,Aho
5230,Aho
5231,Aho
5232,Aho
5233,Aho
5234,Aho
5235,Aho
5236,Aho
5237,Aho
5238,Aho
5239,Aho
5240,5240
5241,Aho
5242,5242
5243,Aho
5244,Aho
5245,5245
5246,5246
5247,Aho
5248,5248
5249,5249
5250,Aho
5251,5251
5252,5252
5253,Aho
5254,5254
5255,5255
5256,Aho
5257,5257
5258,5258
5259,Aho
5260,5260
5261,5261
5262,Aho
5263,Aho
5264,5264
5265,Aho
5266,5266
5267,5267
5268,Aho
5269,5269
5270,5270
5271,Aho
5272,5272
5273,Aho
5274,Aho
5275,5275
5276,5276
5277,Aho
5278,5278
5279,5279
5280,Aho
5281,5281
5282,5282
5283,Aho
5284,5284
5285,5285
5286,Aho
5287,5287
5288,5288
5289,Aho
5290,5290
5291,5291
5292,Aho
5293,Aho
5294,5294
5295,Aho
5296,5296
5297,5297
5298,Aho
5299,5299
5300,Aho
5301,Aho
5302,Aho
5303,Aho
5304,Aho
5305,Aho
5306,Aho
5307,Aho
5308,Aho
5309,Aho
5310,Aho
5311,Aho
5312,Aho
5313,Aho
5314,Aho
5315,Aho
5316,Aho
5317,Aho
5318,Aho
5319,Aho
5320,Aho
5321,Aho
5322,Aho
5323,Aho
5324,Aho
5325,Aho
5326,Aho
5327,Aho
5328,Aho
5329,Aho
5330,Aho
5331,Aho
5332,Aho
5333,Aho
5334,Aho
5335,Aho
5336,Aho
5337,Aho
5338,Aho
5339,Aho
5340,Aho
5341,Aho
5342,Aho
5343,Aho
5344,Aho
5345,Aho
5346,Aho
5347,Aho
5348,Aho
5349,Aho
5350,Aho
5351,Aho
5352,Aho
5353,Aho
5354,Aho
5355,Aho
5356,Aho
5357,Aho
5358,Aho
5359,Aho
5360,Aho
5361,Aho
5362,Aho
5363,Aho
5364,Aho
5365,Aho
5366,Aho
5367,Aho
5368,Aho
5369,Aho
5370,Aho
5371,Aho
5372,Aho
5373,Aho
5374,Aho
5375,Aho
5376,Aho
5377,Aho
5378,Aho
5379,Aho
5380,Aho
5381,Aho
5382,Aho
5383,Aho
5384,Aho
5385,Aho
5386,Aho
5387,Aho
5388,Aho
5389,Aho
5390,Aho
5391,Aho
5392,Aho
5393,Aho
5394,Aho
5395,Aho
5396,Aho
5397,Aho
5398,Aho
5399,Aho
5400,Aho
5401,5401
5402,5402
5403,Aho
5404,5404
5405,5405
5406,Aho
5407,5407
5408,5408
5409,Aho
5410,5410
5411,5411
5412,Aho
5413,Aho
5414,5414
5415,Aho
5416,5416
5417,5417
5418,Aho
5419,5419
5420,5420
5421,Aho
5422,5422
5423,Aho
5424,Aho
5425,5425
5426,5426
5427,Aho
5428,5428
5429,5429
5430,Aho
5431,Aho
5432,Aho
5433,Aho
5434,Aho
5435,Aho
5436,Aho
5437,Aho
5438,Aho
5439,Aho
5440,5440
5441,5441
5442,Aho
5443,Aho
5444,5444
5445,Aho
5446,5446
5447,5447
5448,Aho
5449,5449
5450,5450
5451,Aho
5452,5452
5453,Aho
5454,Aho
5455,5455
5456,5456
5457,Aho
5458,5458
5459,5459
5460,Aho
5461,5461
5462,5462
5463,Aho
5464,5464
5465,5465
5466,Aho
5467,5467
5468,5468
5469,Aho
5470,5470
5471,5471
5472,Aho
5473,Aho
5474,5474
5475,Aho
5476,5476
5477,5477
5478,Aho
5479,5479
5480,5480
5481,Aho
5482,5482
5483,Aho
5484,Aho
5485,5485
5486,5486
5487,Aho
5488,5488
5489,5489
5490,Aho
5491,5491
5492,5492
5493,Aho
5494,5494
5495,5495
5496,Aho
5497,5497
5498,5498
5499,Aho
5500,5500
5501,5501
5502,Aho
5503,Aho
5504,5504
5505,Aho
5506,5506
5507,5507
5508,Aho
5509,5509
5510,5510
5511,Aho
5512,5512
5513,Aho
5514,Aho
5515,5515
5516,5516
5517,Aho
5518,5518
5519,5519
5520,Aho
5521,5521
5522,5522
5523,Aho
5524,5524
5525,5525
5526,Aho
5527,5527
5528,5528
5529,Aho
5530,Aho
5531,Aho
5532,Aho
5533,Aho
5534,Aho
5535,Aho
5536,Aho
5537,Aho
5538,Aho
5539,Aho
5540,5540
5541,Aho
5542,5542
5543,Aho
5544,Aho
5545,5545
5546,5546
5547,Aho
5548,5548
5549,5549
5550,Aho
5551,5551
5552,5552
5553,Aho
5554,5554
5555,5555
5556,Aho
5557,5557
5558,5558
5559,Aho
5560,5560
5561,5561
5562,Aho
5563,Aho
5564,5564
5565,Aho
5566,5566
5567,5567
5568,Aho
5569,5569
5570,5570
5571,Aho
5572,5572
5573,Aho
5574,Aho
5575,5575
5576,5576
5577,Aho
5578,5578
5579,5579
5580,Aho
5581,5581
5582,5582
5583,Aho
5584,5584
5585,5585
5586,Aho
5587,5587
5588,5588
5589,Aho
5590,5590
5591,5591
5592,Aho
5593,Aho
5594,5594
5595,Aho
5596,5596
5597,5597
5598,Aho
5599,5599
5600,5600
5601,Aho
5602,5602
5603,Aho
5604,Aho
5605,5605
5606,5606
5607,Aho
5608,5608
5609,5609
5610,Aho
5611,5611
5612,5612
5613,Aho
5614,5614
5615,5615
5616,Aho
5617,5617
5618,5618
5619,Aho
5620,5620
5621,5621
5622,Aho
5623,Aho
5624,5624
5625,Aho
5626,5626
5627,5627
5628,Aho
5629,5629
5630,Aho
5631,Aho
5632,Aho
5633,Aho
5634,Aho
5635,Aho
5636,Aho
5637,Aho
5638,Aho
5639,Aho
5640,Aho
5641,5641
5642,5642
5643,Aho
5644,5644
5645,5645
5646,Aho
5647,5647
5648,5648
5649,Aho
5650,5650
5651,5651
5652,Aho
5653,Aho
5654,5654
5655,Aho
5656,5656
5657,5657
5658,Aho
5659,5659
5660,5660
5661,Aho
5662,5662
5663,Aho
5664,Aho
5665,5665
5666,5666
5667,Aho
5668,5668
5669,5669
5670,Aho
5671,5671
5672,5672
5673,Aho
5674,5674
5675,5675
5676,Aho
5677,5677
5678,5678
5679,Aho
5680,5680
5681,5681
5682,Aho
5683,Aho
5684,5684
5685,Aho
5686,5686
5687,5687
5688,Aho
5689,5689
5690,5690
5691,Aho
5692,5692
5693,Aho
5694,Aho
5695,5695
5696,5696
5697,Aho
5698,5698
5699,5699
5700,Aho
5701,5701
5702,5702
5703,Aho
5704,5704
5705,5705
5706,Aho
5707,5707
5708,5708
5709,Aho
5710,5710
5711,5711
5712,Aho
5713,Aho
5714,5714
5715,Aho
5716,5716
5717,5717
5718,Aho
5719,5719
5720,5720
5721,Aho
5722,5722
5723,Aho
5724,Aho
5725,5725
5726,5726
5727,Aho
5728,5728
5729,5729
5730,Aho
5731,Aho
5732,Aho
5733,Aho
5734,Aho
5735,Aho
5736,Aho
5737,Aho
5738,Aho
5739,Aho
5740,5740
5741,5741
5742,Aho
5743,Aho
5744,5744
5745,Aho
5746,5746
5747,5747
5748,Aho
5749,5749
5750,5750
5751,Aho
5752,5752
5753,Aho
5754,Aho
5755,5755
5756,5756
5757,Aho
5758,5758
5759,5759
5760,Aho
5761,5761
5762,5762
5763,Aho
5764,5764
5765,5765
5766,Aho
5767,5767
5768,5768
5769,Aho
5770,5770
5771,5771
5772,Aho
5773,Aho
5774,5774
5775,Aho
5776,5776
5777,5777
5778,Aho
5779,5779
5780,5780
5781,Aho
5782,5782
5783,Aho
5784,Aho
5785,5785
5786,5786
5787,Aho
5788,5788
5789,5789
5790,Aho
5791,5791
5792,5792
5793,Aho
5794,5794
5795,5795
5796,Aho
5797,5797
5798,5798
5799,Aho
5800,5800
5801,5801
5802,Aho
5803,Aho
5804,5804
5805,Aho
5806,5806
5807,5807
5808,Aho
5809,5809
5810,5810
5811,Aho
5812,5812
5813,Aho
5814,Aho
5815,5815
5816,5816
5817,Aho
5818,5818
5819,5819
5820,Aho
5821,5821
5822,5822
5823,Aho
5824,5824
5825,5825
5826,Aho
5827,5827
5828,5828
5829,Aho
5830,Aho
5831,Aho
5832,Aho
5833,Aho
5834,Aho
5835,Aho
5836,Aho
5837,Aho
5838,Aho
5839,Aho
5840,5840
5841,Aho
5842,5842
5843,Aho
5844,Aho
5845,5845
5846,5846
5847,Aho
5848,5848
5849,5849
5850,Aho
5851,5851
5852,5852
5853,Aho
5854,5854
5855,5855
5856,Aho
5857,5857
5858,5858
5859,Aho
5860,5860
5861,5861
5862,Aho
5863,Aho
5864,5864
5865,Aho
5866,5866
5867,5867
5868,Aho
5869,5869
5870,5870
5871,Aho
5872,5872
5873,Aho
5874,Aho
5875,5875
5876,5876
5877,Aho
5878,5878
5879,5879
5880,Aho
5881,5881
5882,5882
5883,Aho
5884,5884
5885,5885
5886,Aho
5887,5887
5888,5888
5889,Aho
5890,5890
5891,5891
5892,Aho
5893,Aho
5894,5894
5895,Aho
5896,5896
5897,5897
5898,Aho
5899,5899
5900,5900
5901,Aho
5902,5902
5903,Aho
5904,Aho
5905,5905
5906,5906
5907,Aho
5908,5908
5909,5909
5910,Aho
5911,5911
5912,5912
5913,Aho
5914,5914
5915,5915
5916,Aho
5917,5917
5918,5918
5919,Aho
5920,5920
5921,5921
5922,Aho
5923,Aho
5924,5924
5925,Aho
5926,5926
5927,5927
5928,Aho
5929,5929
5930,Aho
5931,Aho
5932,Aho
5933,Aho
5934,Aho
5935,Aho
5936,Aho
5937,Aho
5938,Aho
5939,Aho
5940,Aho
5941,5941
5942,5942
5943,Aho
5944,5944
5945,5945
5946,Aho
5947,5947
5948,5948
5949,Aho
5950,5950
5951,5951
5952,Aho
5953,Aho
5954,5954
5955,Aho
5956,5956
5957,5957
5958,Aho
5959,5959
5960,5960
5961,Aho
5962,5962
5963,Aho
5964,Aho
5965,5965
5966,5966
5967,Aho
5968,5968
5969,5969
5970,Aho
5971,5971
5972,5972
5973,Aho
5974,5974
5975,5975
5976,Aho
5977,5977
5978,5978
5979,Aho
5980,5980
5981,5981
5982,Aho
5983,Aho
5984,5984
5985,Aho
5986,5986
5987,5987
5988,Aho
5989,5989
5990,5990
5991,Aho
5992,5992
5993,Aho
5994,Aho
5995,5995
5996,5996
5997,Aho
5998,5998
5999,5999
6000,Aho
6001,6001
6002,6002
6003,Aho
6004,6004
6005,6005
6006,Aho
6007,6007
6008,6008
6009,Aho
6010,6010
6011,6011
6012,Aho
6013,Aho
6014,6014
6015,Aho
6016,6016
6017,6017
6018,Aho
6019,6019
6020,6020
6021,Aho
6022,6022
6023,Aho
6024,Aho
6025,6025
6026,6026
6027,Aho
6028,6028
6029,6029
6030,Aho
6031,Aho
6032,Aho
6033,Aho
6034,Aho
6035,Aho
6036,Aho
6037,Aho
6038,Aho
6039,Aho
6040,6040
6041,6041
6042,Aho
6043,Aho
6044,6044
6045,Aho
6046,6046
6047,6047
6048,Aho
6049,6049
6050,6050
6051,Aho
6052,6052
6053,Aho
6054,Aho
6055,6055
6056,6056
6057,Aho
6058,6058
6059,6059
6060,Aho
6061,6061
6062,6062
6063,Aho
6064,6064
6065,6065
6066,Aho
6067,6067
6068,6068
6069,Aho
6070,6070
6071,6071
6072,Aho
6073,Aho
6074,6074
6075,Aho
6076,6076
6077,6077
6078,Aho
6079,6079
6080,6080
6081,Aho
6082,6082
6083,Aho
6084,Aho
6085,6085
6086,6086
6087,Aho
6088,6088
6089,6089
6090,Aho
6091,6091
6092,6092
6093,Aho
6094,6094
6095,6095
6096,Aho
6097,6097
6098,6098
6099,Aho
6100,6100
6101,6101
6102,Aho
6103,Aho
6104,6104
6105,Aho
6106,6106
6107,6107
6108,Aho
6109,6109
6110,6110
6111,Aho
6112,6112
6113,Aho
6114,Aho
6115,6115
6116,6116
6117,Aho
6118,6118
6119,6119
6120,Aho
6121,6121
6122,6122
6123,Aho
6124,6124
6125,6125
6126,Aho
6127,6127
6128,6128
6129,Aho
6130,Aho
6131,Aho
6132,Aho
6133,Aho
6134,Aho
6135,Aho
6136,Aho
6137,Aho
6138,Aho
6139,Aho
6140,6140
6141,Aho
6142,6142
6143,Aho
6144,Aho
6145,6145
6146,6146
6147,Aho
6148,6148
6149,6149
6150,Aho
6151,6151
6152,6152
6153,Aho
6154,6154
6155,6155
6156,Aho
6157,6157
6158,6158
6159,Aho
6160,6160
6161,6161
6162,Aho
6163,Aho
6164,6164
6165,Aho
6166,6166
6167,6167
6168,Aho
6169,6169
6170,6170
6171,Aho
6172,6172
6173,Aho
6174,Aho
6175,6175
6176,6176
6177,Aho
6178,6178
6179,6179
6180,Aho
6181,6181
6182,6182
6183,Aho
6184,6184
6185,6185
6186,Aho
6187,6187
6188,6188
6189,Aho
6190,6190
6191,6191
6192,Aho
6193,Aho
6194,6194
6195,Aho
6196,6196
6197,6197
6198,Aho
6199,6199
6200,6200
6201,Aho
6202,6202
6203,Aho
6204,Aho
6205,6205
6206,6206
6207,Aho
6208,6208
6209,6209
6210,Aho
6211,6211
6212,6212
6213,Aho
6214,6214
6215,6215
6216,Aho
6217,6217
6218,6218
6219,Aho
6220,6220
6221,6221
6222,Aho
6223,Aho
6224,6224
6225,Aho
6226,6226
6227,6227
6228,Aho
6229,6229
6230,Aho
6231,Aho
6232,Aho
6233,Aho
6234,Aho
6235,Aho
6236,Aho
6237,Aho
6238,Aho
6239,Aho
6240,Aho
6241,6241
6242,6242
6243,Aho
6244,6244
6245,6245
6246,Aho
6247,6247
6248,6248
6249,Aho
6250,6250
6251,6251
6252,Aho
6253,Aho
6254,6254
6255,Aho
6256,6256
6257,6257
6258,Aho
6259,6259
6260,6260
6261,Aho
6262,6262
6263,Aho
6264,Aho
6265,6265
6266,6266
6267,Aho
6268,6268
6269,6269
6270,Aho
6271,6271
6272,6272
6273,Aho
6274,6274
6275,6275
6276,Aho
6277,6277
6278,6278
6279,Aho
6280,6280
6281,6281
6282,Aho
6283,Aho
6284,6284
6285,Aho
6286,6286
6287,6287
6288,Aho
6289,6289
6290,6290
6291,Aho
6292,6292
6293,Aho
6294,Aho
6295,6295
6296,6296
6297,Aho
6298,6298
6299,6299
6300,Aho
6301,Aho
6302,Aho
6303,Aho
6304,Aho
6305,Aho
6306,Aho
6307,Aho
6308,Aho
6309,Aho
6310,Aho
6311,Aho
6312,Aho
6313,Aho
6314,Aho
6315,Aho
6316,Aho
6317,Aho
6318,Aho
6319,Aho
6320,Aho
6321,Aho
6322,Aho
6323,Aho
6324,Aho
6325,Aho
6326,Aho
6327,Aho
6328,Aho
6329,Aho
6330,Aho
6331,Aho
6332,Aho
6333,Aho
6334,Aho
6335,Aho
6336,Aho
6337,Aho
6338,Aho
6339,Aho
6340,Aho
6341,Aho
6342,Aho
6343,Aho
6344,Aho
6345,Aho
6346,Aho
6347,Aho
6348,Aho
6349,Aho
6350,Aho
6351,Aho
6352,Aho
6353,Aho
6354,Aho
6355,Aho
6356,Aho
6357,Aho
6358,Aho
6359,Aho
6360,Aho
6361,Aho
6362,Aho
6363,Aho
6364,Aho
6365,Aho
6366,Aho
6367,Aho
6368,Aho
6369,Aho
6370,Aho
6371,Aho
6372,Aho
6373,Aho
6374,Aho
6375,Aho
6376,Aho
6377,Aho
6378,Aho
6379,Aho
6380,Aho
6381,Aho
6382,Aho
6383,Aho
6384,Aho
6385,Aho
6386,Aho
6387,Aho
6388,Aho
6389,Aho
6390,Aho
6391,Aho
6392,Aho
6393,Aho
6394,Aho
6395,Aho
6396,Aho
6397,Aho
6398,Aho
6399,Aho
6400,6400
6401,6401
6402,Aho
6403,Aho
6404,6404
6405,Aho
6406,6406
6407,6407
6408,Aho
6409,6409
6410,6410
6411,Aho
6412,6412
6413,Aho
6414,Aho
6415,6415
6416,6416
6417,Aho
6418,6418
6419,6419
6420,Aho
6421,6421
6422,6422
6423,Aho
6424,6424
6425,6425
6426,Aho
6427,6427
6428,6428
6429,Aho
6430,Aho
6431,Aho
6432,Aho
6433,Aho
6434,Aho
6435,Aho
6436,Aho
6437,Aho
6438,Aho
6439,Aho
6440,6440
6441,Aho
6442,6442
6443,Aho
6444,Aho
6445,6445
6446,6446
6447,Aho
6448,6448
6449,6449
6450,Aho
6451,6451
6452,6452
6453,Aho
6454,6454
6455,6455
6456,Aho
6457,6457
6458,6458
6459,Aho
6460,6460
6461,6461
6462,Aho
6463,Aho
6464,6464
6465,Aho
6466,6466
6467,6467
6468,Aho
6469,6469
6470,6470
6471,Aho
6472,6472
6473,Aho
6474,Aho
6475,6475
6476,6476
6477,Aho
6478,6478
6479,6479
6480,Aho
6481,6481
6482,6482
6483,Aho
6484,6484
6485,6485
6486,Aho
6487,6487
6488,6488
6489,Aho
6490,6490
6491,6491
6492,Aho
6493,Aho
6494,6494
6495,Aho
6496,6496
6497,6497
6498,Aho
6499,6499
6500,6500
6501,Aho
6502,6502
6503,Aho
6504,Aho
6505,6505
6506,6506
6507,Aho
6508,6508
6509,6509
6510,Aho
6511,6511
6512,6512
6513,Aho
6514,6514
6515,6515
6516,Aho
6517,6517
6518,6518
6519,Aho
6520,6520
6521,6521
6522,Aho
6523,Aho
6524,6524
6525,Aho
6526,6526
6527,6527
6528,Aho
6529,6529
6530,Aho
6531,Aho
6532,Aho
6533,Aho
6534,Aho
6535,Aho
6536,Aho
6537,Aho
6538,Aho
6539,Aho
6540,Aho
6541,6541
6542,6542
6543,Aho
6544,6544
6545,6545
6546,Aho
6547,6547
6548,6548
6549,Aho
6550,6550
6551,6551
6552,Aho
6553,Aho
6554,6554
6555,Aho
6556,6556
6557,6557
6558,Aho
6559,6559
6560,6560
6561,Aho
6562,6562
6563,Aho
6564,Aho
6565,6565
6566,6566
6567,Aho
6568,6568
6569,6569
6570,Aho
6571,6571
6572,6572
6573,Aho
6574,6574
6575,6575
6576,Aho
6577,6577
6578,6578
6579,Aho
6580,6580
6581,6581
6582,Aho
6583,Aho
6584,6584
6585,Aho
6586,6586
6587,6587
6588,Aho
6589,6589
6590,6590
6591,Aho
6592,6592
6593,Aho
6594,Aho
6595,6595
6596,6596
6597,Aho
6598,6598
6599,6599
6600,Aho
6601,6601
6602,6602
6603,Aho
6604,6604
6605,6605
6606,Aho
6607,6607
6608,6608
6609,Aho
6610,6610
6611,6611
6612,Aho
6613,Aho
6614,6614
6615,Aho
6616,6616
6617,6617
6618,Aho
6619,6619
6620,6620
6621,Aho
6622,6622
6623,Aho
6624,Aho
6625,6625
6626,6626
6627,Aho
6628,6628
6629,6629
6630,Aho
6631,Aho
6632,Aho
6633,Aho
6634,Aho
6635,Aho
6636,Aho
6637,Aho
6638,Aho
6639,Aho
6640,6640
6641,6641
6642,Aho
6643,Aho
6644,6644
6645,Aho
6646,6646
6647,6647
6648,Aho
6649,6649
6650,6650
6651,Aho
6652,6652
6653,Aho
6654,Aho
6655,6655
6656,6656
6657,Aho
6658,6658
6659,6659
6660,Aho
6661,6661
6662,6662
6663,Aho
6664,6664
6665,6665
6666,Aho
6667,6667
6668,6668
6669,Aho
6670,6670
6671,6671
6672,Aho
6673,Aho
6674,6674
6675,Aho
6676,6676
6677,6677
6678,Aho
6679,6679
6680,6680
6681,Aho
6682,6682
6683,Aho
6684,Aho
6685,6685
6686,6686
6687,Aho
6688,6688
6689,6689
6690,Aho
6691,6691
6692,6692
6693,Aho
6694,6694
6695,6695
6696,Aho
6697,6697
6698,6698
6699,Aho
6700,6700
6701,6701
6702,Aho
6703,Aho
6704,6704
6705,Aho
6706,6706
6707,6707
6708,Aho
6709,6709
6710,6710
6711,Aho
6712,6712
6713,Aho
6714,Aho
6715,6715
6716,6716
6717,Aho
6718,6718
6719,6719
6720,Aho
6721,6721
6722,6722
6723,Aho
6724,6724
6725,6725
6726,Aho
6727,6727
6728,6728
6729,Aho
6730,Aho
6731,Aho
6732,Aho
6733,Aho
6734,Aho
6735,Aho
6736,Aho
6737,Aho
6738,Aho
6739,Aho
6740,6740
6741,Aho
6742,6742
6743,Aho
6744,Aho
6745,6745
6746,6746
6747,Aho
6748,6748
6749,6749
6750,Aho
6751,6751
6752,6752
6753,Aho
6754,6754
6755,6755
6756,Aho
6757,6757
6758,6758
6759,Aho
6760,6760
6761,6761
6762,Aho
6763,Aho
6764,6764
6765,Aho
6766,6766
6767,6767
6768,Aho
6769,6769
6770,6770
6771,Aho
6772,6772
6773,Aho
6774,Aho
6775,6775
6776,6776
6777,Aho
6778,6778
6779,6779
6780,Aho
6781,6781
6782,6782
6783,Aho
6784,6784
6785,6785
6786,Aho
6787,6787
6788,6788
6789,Aho
6790,6790
6791,6791
6792,Aho
6793,Aho
6794,6794
6795,Aho
6796,6796
6797,6797
6798,Aho
6799,6799
6800,6800
6801,Aho
6802,6802
6803,Aho
6804,Aho
6805,6805
6806,6806
6807,Aho
6808,6808
6809,6809
6810,Aho
6811,6811
6812,6812
6813,Aho
6814,6814
6815,6815
6816,Aho
6817,6817
6818,6818
6819,Aho
6820,6820
6821,6821
6822,Aho
6823,Aho
6824,6824
6825,Aho
6826,6826
6827,6827
6828,Aho
6829,6829
6830,Aho
6831,Aho
6832,Aho
6833,Aho
6834,Aho
6835,Aho
6836,Aho
6837,Aho
6838,Aho
6839,Aho
6840,Aho
6841,6841
6842,6842
6843,Aho
6844,6844
6845,6845
6846,Aho
6847,6847
6848,6848
6849,Aho
6850,6850
6851,6851
6852,Aho
6853,Aho
6854,6854
6855,Aho
6856,6856
6857,6857
6858,Aho
6859,6859
6860,6860
6861,Aho
6862,6862
6863,Aho
6864,Aho
6865,6865
6866,6866
6867,Aho
6868,6868
6869,6869
6870,Aho
6871,6871
6872,6872
6873,Aho
6874,6874
6875,6875
6876,Aho
6877,6877
6878,6878
6879,Aho
6880,6880
6881,6881
6882,Aho
6883,Aho
6884,6884
6885,Aho
6886,6886
6887,6887
6888,Aho
6889,6889
6890,6890
6891,Aho
6892,6892
6893,Aho
6894,Aho
6895,6895
6896,6896
6897,Aho
6898,6898
6899,6899
6900,Aho
6901,6901
6902,6902
6903,Aho
6904,6904
6905,6905
6906,Aho
6907,6907
6908,6908
6909,Aho
6910,6910
6911,6911
6912,Aho
6913,Aho
6914,6914
6915,Aho
6916,6916
6917,6917
6918,Aho
6919,6919
6920,6920
6921,Aho
6922,6922
6923,Aho
6924,Aho
6925,6925
6926,6926
6927,Aho
6928,6928
6929,6929
6930,Aho
6931,Aho
6932,Aho
6933,Aho
6934,Aho
6935,Aho
6936,Aho
6937,Aho
6938,Aho
6939,Aho
6940,6940
6941,6941
6942,Aho
6943,Aho
6944,6944
6945,Aho
6946,6946
6947,6947
6948,Aho
6949,6949
6950,6950
6951,Aho
6952,6952
6953,Aho
6954,Aho
6955,6955
6956,6956
6957,Aho
6958,6958
6959,6959
6960,Aho
6961,6961
6962,6962
6963,Aho
6964,6964
6965,6965
6966,Aho
6967,6967
6968,6968
6969,Aho
6970,6970
6971,6971
6972,Aho
6973,Aho
6974,6974
6975,Aho
6976,6976
6977,6977
6978,Aho
6979,6979
6980,6980
6981,Aho
6982,6982
6983,Aho
6984,Aho
6985,6985
6986,6986
6987,Aho
6988,6988
6989,6989
6990,Aho
6991,6991
6992,6992
6993,Aho
6994,6994
6995,6995
6996,Aho
6997,6997
6998,6998
6999,Aho
7000,7000
7001,7001
7002,Aho
7003,Aho
7004,7004
7005,Aho
7006,7006
7007,7007
7008,Aho
7009,7009
7010,7010
7011,Aho
7012,7012
7013,Aho
7014,Aho
7015,7015
7016,7016
7017,Aho
7018,7018
7019,7019
7020,Aho
7021,7021
7022,7022
7023,Aho
7024,7024
7025,7025
7026,Aho
7027,7027
7028,7028
7029,Aho
7030,Aho
7031,Aho
7032,Aho
7033,Aho
7034,Aho
7035,Aho
7036,Aho
7037,Aho
7038,Aho
7039,Aho
7040,7040
7041,Aho
7042,7042
7043,Aho
7044,Aho
7045,7045
7046,7046
7047,Aho
7048,7048
7049,7049
7050,Aho
7051,7051
7052,7052
7053,Aho
7054,7054
7055,7055
7056,Aho
7057,7057
7058,7058
7059,Aho
7060,7060
7061,7061
7062,Aho
7063,Aho
7064,7064
7065,Aho
7066,7066
7067,7067
7068,Aho
7069,7069
7070,7070
7071,Aho
7072,7072
7073,Aho
7074,Aho
7075,7075
7076,7076
7077,Aho
7078,7078
7079,7079
7080,Aho
7081,7081
7082,7082
7083,Aho
7084,7084
7085,7085
7086,Aho
7087,7087
7088,7088
7089,Aho
7090,7090
7091,7091
7092,Aho
7093,Aho
7094,7094
7095,Aho
7096,7096
7097,7097
7098,Aho
7099,7099
7100,7100
7101,Aho
7102,7102
7103,Aho
7104,Aho
7105,7105
7106,7106
7107,Aho
7108,7108
7109,7109
7110,Aho
7111,7111
7112,7112
7113,Aho
7114,7114
7115,7115
7116,Aho
7117,7117
7118,7118
7119,Aho
7120,7120
7121,7121
7122,Aho
7123,Aho
7124,7124
7125,Aho
7126,7126
7127,7127
7128,Aho
7129,7129
7130,Aho
7131,Aho
7132,Aho
7133,Aho
7134,Aho
7135,Aho
7136,Aho
7137,Aho
7138,Aho
7139,Aho
7140,Aho
7141,7141
7142,7142
7143,Aho
7144,7144
7145,7145
7146,Aho
7147,7147
7148,7148
7149,Aho
7150,7150
7151,7151
7152,Aho
7153,Aho
7154,7154
7155,Aho
7156,7156
7157,7157
7158,Aho
7159,7159
7160,7160
7161,Aho
7162,7162
7163,Aho
7164,Aho
7165,7165
7166,7166
7167,Aho
7168,7168
7169,7169
7170,Aho
7171,7171
7172,7172
7173,Aho
7174,7174
7175,7175
7176,Aho
7177,7177
7178,7178
7179,Aho
7180,7180
7181,7181
7182,Aho
7183,Aho
7184,7184
7185,Aho
7186,7186
7187,7187
7188,Aho
7189,7189
7190,7190
7191,Aho
7192,7192
7193,Aho
7194,Aho
7195,7195
7196,7196
7197,Aho
7198,7198
7199,7199
7200,Aho
7201,7201
7202,7202
7203,Aho
7204,7204
7205,7205
7206,Aho
7207,7207
7208,7208
7209,Aho
7210,7210
7211,7211
7212,Aho
7213,Aho
7214,7214
7215,Aho
7216,7216
7217,7217
7218,Aho
7219,7219
7220,7220
7221,Aho
7222,7222
7223,Aho
7224,Aho
7225,7225
7226,7226
7227,Aho
7228,7228
7229,7229
7230,Aho
7231,Aho
7232,Aho
7233,Aho
7234,Aho
7235,Aho
7236,Aho
7237,Aho
7238,Aho
7239,Aho
7240,7240
7241,7241
7242,Aho
7243,Aho
7244,7244
7245,Aho
7246,7246
7247,7247
7248,Aho
7249,7249
7250,7250
7251,Aho
7252,7252
7253,Aho
7254,Aho
7255,7255
7256,7256
7257,Aho
7258,7258
7259,7259
7260,Aho
7261,7261
7262,7262
7263,Aho
7264,7264
7265,7265
7266,Aho
7267,7267
7268,7268
7269,Aho
7270,7270
7271,7271
7272,Aho
7273,Aho
7274,7274
7275,Aho
7276,7276
7277,7277
7278,Aho
7279,7279
7280,7280
7281,Aho
7282,7282
7283,Aho
7284,Aho
7285,7285
7286,7286
7287,Aho
7288,7288
7289,7289
7290,Aho
7291,7291
7292,7292
7293,Aho
7294,7294
7295,7295
7296,Aho
7297,7297
7298,7298
7299,Aho
7300,Aho
7301,Aho
7302,Aho
7303,Aho
7304,Aho
7305,Aho
7306,Aho
7307,Aho
7308,Aho
7309,Aho
7310,Aho
7311,Aho
7312,Aho
7313,Aho
7314,Aho
7315,Aho
7316,Aho
7317,Aho
7318,Aho
7319,Aho
7320,Aho
7321,Aho
7322,Aho
7323,Aho
7324,Aho
7325,Aho
7326,Aho
7327,Aho
7328,Aho
7329,Aho
7330,Aho
7331,Aho
7332,Aho
7333,Aho
7334,Aho
7335,Aho
7336,Aho
7337,Aho
7338,Aho
7339,Aho
7340,Aho
7341,Aho
7342,Aho
7343,Aho
7344,Aho
7345,Aho
7346,Aho
7347,Aho
7348,Aho
7349,Aho
7350,Aho
7351,Aho
7352,Aho
7353,Aho
7354,Aho
7355,Aho
7356,Aho
7357,Aho
7358,Aho
7359,Aho
7360,Aho
7361,Aho
7362,Aho
7363,Aho
7364,Aho
7365,Aho
7366,Aho
7367,Aho
7368,Aho
7369,Aho
7370,Aho
7371,Aho
7372,Aho
7373,Aho
7374,Aho
7375,Aho
7376,Aho
7377,Aho
7378,Aho
7379,Aho
7380,Aho
7381,Aho
7382,Aho
7383,Aho
7384,Aho
7385,Aho
7386,Aho
7387,Aho
7388,Aho
7389,Aho
7390,Aho
7391,Aho
7392,Aho
7393,Aho
7394,Aho
7395,Aho
7396,Aho
7397,Aho
7398,Aho
7399,Aho
7400,7400
7401,Aho
7402,7402
7403,Aho
7404,Aho
7405,7405
7406,7406
7407,Aho
7408,7408
7409,7409
7410,Aho
7411,7411
7412,7412
7413,Aho
7414,7414
7415,7415
7416,Aho
7417,7417
7418,7418
7419,Aho
7420,7420
7421,7421
7422,Aho
7423,Aho
7424,7424
7425,Aho
7426,7426
7427,7427
7428,Aho
7429,7429
7430,Aho
7431,Aho
7432,Aho
7433,Aho
7434,Aho
7435,Aho
7436,Aho
7437,Aho
7438,Aho
7439,Aho
7440,Aho
7441,7441
7442,7442
7443,Aho
7444,7444
7445,7445
7446,Aho
7447,7447
7448,7448
7449,Aho
7450,7450
7451,7451
7452,Aho
7453,Aho
7454,7454
7455,Aho
7456,7456
7457,7457
7458,Aho
7459,7459
7460,7460
7461,Aho
7462,7462
7463,Aho
7464,Aho
7465,7465
7466,7466
7467,Aho
7468,7468
7469,7469
7470,Aho
7471,7471
7472,7472
7473,Aho
7474,7474
7475,7475
7476,Aho
7477,7477
7478,7478
7479,Aho
7480,7480
7481,7481
7482,Aho
7483,Aho
7484,7484
7485,Aho
7486,7486
7487,7487
7488,Aho
7489,7489
7490,7490
7491,Aho
7492,7492
7493,Aho
7494,Aho
7495,7495
7496,7496
7497,Aho
7498,7498
7499,7499
7500,Aho
7501,7501
7502,7502
7503,Aho
7504,7504
7505,7505
7506,Aho
7507,7507
7508,7508
7509,Aho
7510,7510
7511,7511
7512,Aho
7513,Aho
7514,7514
7515,Aho
7516,7516
7517,7517
7518,Aho
7519,7519
7520,7520
7521,Aho
7522,7522
7523,Aho
7524,Aho
7525,7525
7526,7526
7527,Aho
7528,7528
7529,7529
7530,Aho
7531,Aho
7532,Aho
7533,Aho
7534,Aho
7535,Aho
7536,Aho
7537,Aho
7538,Aho
7539,Aho
7540,7540
7541,7541
7542,Aho
7543,Aho
7544,7544
7545,Aho
7546,7546
7547,7547
7548,Aho
7549,7549
7550,7550
7551,Aho
7552,7552
7553,Aho
7554,Aho
7555,7555
7556,7556
7557,Aho
7558,7558
7559,7559
7560,Aho
7561,7561
7562,7562
7563,Aho
7564,7564
7565,7565
7566,Aho
7567,7567
7568,7568
7569,Aho
7570,7570
7571,7571
7572,Aho
7573,Aho
7574,7574
7575,Aho
7576,7576
7577,7577
7578,Aho
7579,7579
7580,7580
7581,Aho
7582,7582
7583,Aho
7584,Aho
7585,7585
7586,7586
7587,Aho
7588,7588
7589,7589
7590,Aho
7591,7591
7592,7592
7593,Aho
7594,7594
7595,7595
7596,Aho
7597,7597
7598,7598
7599,Aho
7600,7600
7601,7601
7602,Aho
7603,Aho
7604,7604
7605,Aho
7606,7606
7607,7607
7608,Aho
7609,7609
7610,7610
7611,Aho
7612,7612
7613,Aho
7614,Aho
7615,7615
7616,7616
7617,Aho
7618,7618
7619,7619
7620,Aho
7621,7621
7622,7622
7623,Aho
7624,7624
7625,7625
7626,Aho
7627,7627
7628,7628
7629,Aho
7630,Aho
7631,Aho
7632,Aho
7633,Aho
7634,Aho
7635,Aho
7636,Aho
7637,Aho
7638,Aho
7639,Aho
7640,7640
7641,Aho
7642,7642
7643,Aho
7644,Aho
7645,7645
7646,7646
7647,Aho
7648,7648
7649,7649
7650,Aho
7651,7651
7652,7652
7653,Aho
7654,7654
7655,7655
7656,Aho
7657,7657
7658,7658
7659,Aho
7660,7660
7661,7661
7662,Aho
7663,Aho
7664,7664
7665,Aho
7666,7666
7667,7667
7668,Aho
7669,7669
7670,7670
7671,Aho
7672,7672
7673,Aho
7674,Aho
7675,7675
7676,7676
7677,Aho
7678,7678
7679,7679
7680,Aho
7681,7681
7682,7682
7683,Aho
7684,7684
7685,7685
7686,Aho
7687,7687
7688,7688
7689,Aho
7690,7690
7691,7691
7692,Aho
7693,Aho
7694,7694
7695,Aho
7696,7696
7697,7697
7698,Aho
7699,7699
7700,7700
7701,Aho
7702,7702
7703,Aho
7704,Aho
7705,7705
7706,7706
7707,Aho
7708,7708
7709,7709
7710,Aho
7711,7711
7712,7712
7713,Aho
7714,7714
7715,7715
7716,Aho
7717,7717
7718,7718
7719,Aho
7720,7720
7721,7721
7722,Aho
7723,Aho
7724,7724
7725,Aho
7726,7726
7727,7727
7728,Aho
7729,7729
7730,Aho
7731,Aho
7732,Aho
7733,Aho
7734,Aho
7735,Aho
7736,Aho
7737,Aho
7738,Aho
7739,Aho
7740,Aho
7741,7741
7742,7742
7743,Aho
7744,7744
7745,7745
7746,Aho
7747,7747
7748,7748
7749,Aho
7750,7750
7751,7751
7752,Aho
7753,Aho
7754,7754
7755,Aho
7756,7756
7757,7757
7758,Aho
7759,7759
7760,7760
7761,Aho
7762,7762
7763,Aho
7764,Aho
7765,7765
7766,7766
7767,Aho
7768,7768
7769,7769
7770,Aho
7771,7771
7772,7772
7773,Aho
7774,7774
7775,7775
7776,Aho
7777,7777
7778,7778
7779,Aho
7780,7780
7781,7781
7782,Aho
7783,Aho
7784,7784
7785,Aho
7786,7786
7787,7787
7788,Aho
7789,7789
7790,7790
7791,Aho
7792,7792
7793,Aho
7794,Aho
7795,7795
7796,7796
7797,Aho
7798,7798
7799,7799
7800,Aho
7801,7801
7802,7802
7803,Aho
7804,7804
7805,7805
7806,Aho
7807,7807
7808,7808
7809,Aho
7810,7810
7811,7811
7812,Aho
7813,Aho
7814,7814
7815,Aho
7816,7816
7817,7817
7818,Aho
7819,7819
7820,7820
7821,Aho
7822,7822
7823,Aho
7824,Aho
7825,7825
7826,7826
7827,Aho
7828,7828
7829,7829
7830,Aho
7831,Aho
7832,Aho
7833,Aho
7834,Aho
7835,Aho
7836,Aho
7837,Aho
7838,Aho
7839,Aho
7840,7840
7841,7841
7842,Aho
7843,Aho
7844,7844
7845,Aho
7846,7846
7847,7847
7848,Aho
7849,7849
7850,7850
7851,Aho
7852,7852
7853,Aho
7854,Aho
7855,7855
7856,7856
7857,Aho
7858,7858
7859,7859
7860,Aho
7861,7861
7862,7862
7863,Aho
7864,7864
7865,7865
7866,Aho
7867,7867
7868,7868
7869,Aho
7870,7870
7871,7871
7872,Aho
7873,Aho
7874,7874
7875,Aho
7876,7876
7877,7877
7878,Aho
7879,7879
7880,7880
7881,Aho
7882,7882
7883,Aho
7884,Aho
7885,7885
7886,7886
7887,Aho
7888,7888
7889,7889
7890,Aho
7891,7891
7892,7892
7893,Aho
7894,7894
7895,7895
7896,Aho
7897,7897
7898,7898
7899,Aho
7900,7900
7901,7901
7902,Aho
7903,Aho
7904,7904
7905,Aho
7906,7906
7907,7907
7908,Aho
7909,7909
7910,7910
7911,Aho
7912,7912
7913,Aho
7914,Aho
7915,7915
7916,7916
7917,Aho
7918,7918
7919,7919
7920,Aho
7921,7921
7922,7922
7923,Aho
7924,7924
7925,7925
7926,Aho
7927,7927
7928,7928
7929,Aho
7930,Aho
7931,Aho
7932,Aho
7933,Aho
7934,Aho
7935,Aho
7936,Aho
7937,Aho
7938,Aho
7939,Aho
7940,7940
7941,Aho
7942,7942
7943,Aho
7944,Aho
7945,7945
7946,7946
7947,Aho
7948,7948
7949,7949
7950,Aho
7951,7951
7952,7952
7953,Aho
7954,7954
7955,7955
7956,Aho
7957,7957
7958,7958
7959,Aho
7960,7960
7961,7961
7962,Aho
7963,Aho
7964,7964
7965,Aho
7966,7966
7967,7967
7968,Aho
7969,7969
7970,7970
7971,Aho
7972,7972
7973,Aho
7974,Aho
7975,7975
7976,7976
7977,Aho
7978,7978
7979,7979
7980,Aho
7981,7981
7982,7982
7983,Aho
7984,7984
7985,7985
7986,Aho
7987,7987
7988,7988
7989,Aho
7990,7990
7991,7991
7992,Aho
7993,Aho
7994,7994
7995,Aho
7996,7996
7997,7997
7998,Aho
7999,7999
8000,8000
8001,Aho
8002,8002
8003,Aho
8004,Aho
8005,8005
8006,8006
8007,Aho
8008,8008
8009,8009
8010,Aho
8011,8011
8012,8012
8013,Aho
8014,8014
8015,8015
8016,Aho
8017,8017
8018,8018
8019,Aho
8020,8020
8021,8021
8022,Aho
8023,Aho
8024,8024
8025,Aho
8026,8026
8027,8027
8028,Aho
8029,8029
8030,Aho
8031,Aho
8032,Aho
8033,Aho
8034,Aho
8035,Aho
8036,Aho
8037,Aho
8038,Aho
8039,Aho
8040,Aho
8041,8041
8042,8042
8043,Aho
8044,8044
8045,8045
8046,Aho
8047,8047
8048,8048
8049,Aho
8050,8050
8051,8051
8052,Aho
8053,Aho
8054,8054
8055,Aho
8056,8056
8057,8057
8058,Aho
8059,8059
8060,8060
8061,Aho
8062,8062
8063,Aho
8064,Aho
8065,8065
8066,8066
8067,Aho
8068,8068
8069,8069
8070,Aho
8071,8071
8072,8072
8073,Aho
8074,8074
8075,8075
8076,Aho
8077,8077
8078,8078
8079,Aho
8080,8080
8081,8081
8082,Aho
8083,Aho
8084,8084
8085,Aho
8086,8086
8087,8087
8088,Aho
8089,8089
8090,8090
8091,Aho
8092,8092
8093,Aho
8094,Aho
8095,8095
8096,8096
8097,Aho
8098,8098
8099,8099
8100,Aho
8101,8101
8102,8102
8103,Aho
8104,8104
8105,8105
8106,Aho
8107,8107
8108,8108
8109,Aho
8110,8110
8111,8111
8112,Aho
8113,Aho
8114,8114
8115,Aho
8116,8116
8117,8117
8118,Aho
8119,8119
8120,8120
8121,Aho
8122,8122
8123,Aho
8124,Aho
8125,8125
8126,8126
8127,Aho
8128,8128
8129,8129
8130,Aho
8131,Aho
8132,Aho
8133,Aho
8134,Aho
8135,Aho
8136,Aho
8137,Aho
8138,Aho
8139,Aho
8140,8140
8141,8141
8142,Aho
8143,Aho
8144,8144
8145,Aho
8146,8146
8147,8147
8148,Aho
8149,8149
8150,8150
8151,Aho
8152,8152
8153,Aho
8154,Aho
8155,8155
8156,8156
8157,Aho
8158,8158
8159,8159
8160,Aho
8161,8161
8162,8162
8163,Aho
8164,8164
8165,8165
8166,Aho
8167,8167
8168,8168
8169,Aho
8170,8170
8171,8171
8172,Aho
8173,Aho
8174,8174
8175,Aho
8176,8176
8177,8177
8178,Aho
8179,8179
8180,8180
8181,Aho
8182,8182
8183,Aho
8184,Aho
8185,8185
8186,8186
8187,Aho
8188,8188
8189,8189
8190,Aho
8191,8191
8192,8192
8193,Aho
8194,8194
8195,8195
8196,Aho
8197,8197
8198,8198
8199,Aho
8200,8200
8201,8201
8202,Aho
8203,Aho
8204,8204
8205,Aho
8206,8206
8207,8207
8208,Aho
8209,8209
8210,8210
8211,Aho
8212,8212
8213,Aho
8214,Aho
8215,8215
8216,8216
8217,Aho
8218,8218
8219,8219
8220,Aho
8221,8221
8222,8222
8223,Aho
8224,8224
8225,8225
8226,Aho
8227,8227
8228,8228
8229,Aho
8230,Aho
8231,Aho
8232,Aho
8233,Aho
8234,Aho
8235,Aho
8236,Aho
8237,Aho
8238,Aho
8239,Aho
8240,8240
8241,Aho
8242,8242
8243,Aho
8244,Aho
8245,8245
8246,8246
8247,Aho
8248,8248
8249,8249
8250,Aho
8251,8251
8252,8252
8253,Aho
8254,8254
8255,8255
8256,Aho
8257,8257
8258,8258
8259,Aho
8260,8260
8261,8261
8262,Aho
8263,Aho
8264,8264
8265,Aho
8266,8266
8267,8267
8268,Aho
8269,8269
8270,8270
8271,Aho
8272,8272
8273,Aho
8274,Aho
8275,8275
8276,8276
8277,Aho
8278,8278
8279,8279
8280,Aho
8281,8281
8282,8282
8283,Aho
8284,8284
8285,8285
8286,Aho
8287,8287
8288,8288
8289,Aho
8290,8290
8291,8291
8292,Aho
8293,Aho
8294,8294
8295,Aho
8296,8296
8297,8297
8298,Aho
8299,8299
8300,Aho
8301,Aho
8302,Aho
8303,Aho
8304,Aho
8305,Aho
8306,Aho
8307,Aho
8308,Aho
8309,Aho
8310,Aho
8311,Aho
8312,Aho
8313,Aho
8314,Aho
8315,Aho
8316,Aho
8317,Aho
8318,Aho
8319,Aho
8320,Aho
8321,Aho
8322,Aho
8323,Aho
8324,Aho
8325,Aho
8326,Aho
8327,Aho
8328,Aho
8329,Aho
8330,Aho
8331,Aho
8332,Aho
8333,Aho
8334,Aho
8335,Aho
8336,Aho
8337,Aho
8338,Aho
8339,Aho
8340,Aho
8341,Aho
8342,Aho
8343,Aho
8344,Aho
8345,Aho
8346,Aho
8347,Aho
8348,Aho
8349,Aho
8350,Aho
8351,Aho
8352,Aho
8353,Aho
8354,Aho
8355,Aho
8356,Aho
8357,Aho
8358,Aho
8359,Aho
8360,Aho
8361,Aho
8362,Aho
8363,Aho
8364,Aho
8365,Aho
8366,Aho
8367,Aho
8368,Aho
8369,Aho
8370,Aho
8371,Aho
8372,Aho
8373,Aho
8374,Aho
8375,Aho
8376,Aho
8377,Aho
8378,Aho
8379,Aho
8380,Aho
8381,Aho
8382,Aho
8383,Aho
8384,Aho
8385,Aho
8386,Aho
8387,Aho
8388,Aho
8389,Aho
8390,Aho
8391,Aho
8392,Aho
8393,Aho
8394,Aho
8395,Aho
8396,Aho
8397,Aho
8398,Aho
8399,Aho
8400,Aho
8401,8401
8402,8402
8403,Aho
8404,8404
8405,8405
8406,Aho
8407,8407
8408,8408
8409,Aho
8410,8410
8411,8411
8412,Aho
8413,Aho
8414,8414
8415,Aho
8416,8416
8417,8417
8418,Aho
8419,8419
8420,8420
8421,Aho
8422,8422
8423,Aho
8424,Aho
8425,8425
8426,8426
8427,Aho
8428,8428
8429,8429
8430,Aho
8431,Aho
8432,Aho
8433,Aho
8434,Aho
8435,Aho
8436,Aho
8437,Aho
8438,Aho
8439,Aho
8440,8440
8441,8441
8442,Aho
8443,Aho
8444,8444
8445,Aho
8446,8446
8447,8447
8448,Aho
8449,8449
8450,8450
8451,Aho
8452,8452
8453,Aho
8454,Aho
8455,8455
8456,8456
8457,Aho
8458,8458
8459,8459
8460,Aho
8461,8461
8462,8462
8463,Aho
8464,8464
8465,8465
8466,Aho
8467,8467
8468,8468
8469,Aho
8470,8470
8471,8471
8472,Aho
8473,Aho
8474,8474
8475,Aho
8476,8476
8477,8477
8478,Aho
8479,8479
8480,8480
8481,Aho
8482,8482
8483,Aho
8484,Aho
8485,8485
8486,8486
8487,Aho
8488,8488
8489,8489
8490,Aho
8491,8491
8492,8492
8493,Aho
8494,8494
8495,8495
8496,Aho
8497,8497
8498,8498
8499,Aho
8500,8500
8501,8501
8502,Aho
8503,Aho
8504,8504
8505,Aho
8506,8506
8507,8507
8508,Aho
8509,8509
8510,8510
8511,Aho
8512,8512
8513,Aho
8514,Aho
8515,8515
8516,8516
8517,Aho
8518,8518
8519,8519
8520,Aho
8521,8521
8522,8522
8523,Aho
8524,8524
8525,8525
8526,Aho
8527,8527
8528,8528
8529,Aho
8530,Aho
8531,Aho
8532,Aho
8533,Aho
8534,Aho
8535,Aho
8536,Aho
8537,Aho
8538,Aho
8539,Aho
8540,8540
8541,Aho
8542,8542
8543,Aho
8544,Aho
8545,8545
8546,8546
8547,Aho
8548,8548
8549,8549
8550,Aho
8551,8551
8552,8552
8553,Aho
8554,8554
8555,8555
8556,Aho
8557,8557
8558,8558
8559,Aho
8560,8560
8561,8561
8562,Aho
8563,Aho
8564,8564
8565,Aho
8566,8566
8567,8567
8568,Aho
8569,8569
8570,8570
8571,Aho
8572,8572
8573,Aho
8574,Aho
8575,8575
8576,8576
8577,Aho
8578,8578
8579,8579
8580,Aho
8581,8581
8582,8582
8583,Aho
8584,8584
8585,8585
8586,Aho
8587,8587
8588,8588
8589,Aho
8590,8590
8591,8591
8592,Aho
8593,Aho
8594,8594
8595,Aho
8596,8596
8597,8597
8598,Aho
8599,8599
8600,8600
8601,Aho
8602,8602
8603,Aho
8604,Aho
8605,8605
8606,8606
8607,Aho
8608,8608
8609,8609
8610,Aho
8611,8611
8612,8612
8613,Aho
8614,8614
8615,8615
8616,Aho
8617,8617
8618,8618
8619,Aho
8620,8620
8621,8621
8622,Aho
8623,Aho
8624,8624
8625,Aho
8626,8626
8627,8627
8628,Aho
8629,8629
8630,Aho
8631,Aho
8632,Aho
8633,Aho
8634,Aho
8635,Aho
8636,Aho
8637,Aho
8638,Aho
8639,Aho
8640,Aho
8641,8641
8642,8642
8643,Aho
8644,8644
8645,8645
8646,Aho
8647,8647
8648,8648
8649,Aho
8650,8650
8651,8651
8652,Aho
8653,Aho
8654,8654
8655,Aho
8656,8656
8657,8657
8658,Aho
8659,8659
8660,8660
8661,Aho
8662,8662
8663,Aho
8664,Aho
8665,8665
8666,8666
8667,Aho
8668,8668
8669,8669
8670,Aho
8671,8671
8672,8672
8673,Aho
8674,8674
8675,8675
8676,Aho
8677,8677
8678,8678
8679,Aho
8680,8680
8681,8681
8682,Aho
8683,Aho
8684,8684
8685,Aho
8686,8686
8687,8687
8688,Aho
8689,8689
8690,8690
8691,Aho
8692,8692
8693,Aho
8694,Aho
8695,8695
8696,8696
8697,Aho
8698,8698
8699,8699
8700,Aho
8701,8701
8702,8702
8703,Aho
8704,8704
8705,8705
8706,Aho
8707,8707
8708,8708
8709,Aho
8710,8710
8711,8711
8712,Aho
8713,Aho
8714,8714
8715,Aho
8716,8716
8717,8717
8718,Aho
8719,8719
8720,8720
8721,Aho
8722,8722
8723,Aho
8724,Aho
8725,8725
8726,8726
8727,Aho
8728,8728
8729,8729
8730,Aho
8731,Aho
8732,Aho
8733,Aho
8734,Aho
8735,Aho
8736,Aho
8737,Aho
8738,Aho
8739,Aho
8740,8740
8741,8741
8742,Aho
8743,Aho
8744,8744
8745,Aho
8746,8746
8747,8747
8748,Aho
8749,8749
8750,8750
8751,Aho
8752,8752
8753,Aho
8754,Aho
8755,8755
8756,8756
8757,Aho
8758,8758
8759,8759
8760,Aho
8761,8761
8762,8762
8763,Aho
8764,8764
8765,8765
8766,Aho
8767,8767
8768,8768
8769,Aho
8770,8770
8771,8771
8772,Aho
8773,Aho
8774,8774
8775,Aho
8776,8776
8777,8777
8778,Aho
8779,8779
8780,8780
8781,Aho
8782,8782
8783,Aho
8784,Aho
8785,8785
8786,8786
8787,Aho
8788,8788
8789,8789
8790,Aho
8791,8791
8792,8792
8793,Aho
8794,8794
8795,8795
8796,Aho
8797,8797
8798,8798
8799,Aho
8800,8800
8801,8801
8802,Aho
8803,Aho
8804,8804
8805,Aho
8806,8806
8807,8807
8808,Aho
8809,8809
8810,8810
8811,Aho
8812,8812
8813,Aho
8814,Aho
8815,8815
8816,8816
8817,Aho
8818,8818
8819,8819
8820,Aho
8821,8821
8822,8822
8823,Aho
8824,8824
8825,8825
8826,Aho
8827,8827
8828,8828
8829,Aho
8830,Aho
8831,Aho
8832,Aho
8833,Aho
8834,Aho
8835,Aho
8836,Aho
8837,Aho
8838,Aho
8839,Aho
8840,8840
8841,Aho
8842,8842
8843,Aho
8844,Aho
8845,8845
8846,8846
8847,Aho
8848,8848
8849,8849
8850,Aho
8851,8851
8852,8852
8853,Aho
8854,8854
8855,8855
8856,Aho
8857,8857
8858,8858
8859,Aho
8860,8860
8861,8861
8862,Aho
8863,Aho
8864,8864
8865,Aho
8866,8866
8867,8867
8868,Aho
8869,8869
8870,8870
8871,Aho
8872,8872
8873,Aho
8874,Aho
8875,8875
8876,8876
8877,Aho
8878,8878
8879,8879
8880,Aho
8881,8881
8882,8882
8883,Aho
8884,8884
8885,8885
8886,Aho
8887,8887
8888,8888
8889,Aho
8890,8890
8891,8891
8892,Aho
8893,Aho
8894,8894
8895,Aho
8896,8896
8897,8897
8898,Aho
8899,8899
8900,8900
8901,Aho
8902,8902
8903,Aho
8904,Aho
8905,8905
8906,8906
8907,Aho
8908,8908
8909,8909
8910,Aho
8911,8911
8912,8912
8913,Aho
8914,8914
8915,8915
8916,Aho
8917,8917
8918,8918
8919,Aho
8920,8920
8921,8921
8922,Aho
8923,Aho
8924,8924
8925,Aho
8926,8926
8927,8927
8928,Aho
8929,8929
8930,Aho
8931,Aho
8932,Aho
8933,Aho
8934,Aho
8935,Aho
8936,Aho
8937,Aho
8938,Aho
8939,Aho
8940,Aho
8941,8941
8942,8942
8943,Aho
8944,8944
8945,8945
8946,Aho
8947,8947
8948,8948
8949,Aho
8950,8950
8951,8951
8952,Aho
8953,Aho
8954,8954
8955,Aho
8956,8956
8957,8957
8958,Aho
8959,8959
8960,8960
8961,Aho
8962,8962
8963,Aho
8964,Aho
8965,8965
8966,8966
8967,Aho
8968,8968
8969,8969
8970,Aho
8971,8971
8972,8972
8973,Aho
8974,8974
8975,8975
8976,Aho
8977,8977
8978,8978
8979,Aho
8980,8980
8981,8981
8982,Aho
8983,Aho
8984,8984
8985,Aho
8986,8986
8987,8987
8988,Aho
8989,8989
8990,8990
8991,Aho
8992,8992
8993,Aho
8994,Aho
8995,8995
8996,8996
8997,Aho
8998,8998
8999,8999
9000,Aho
9001,9001
9002,9002
9003,Aho
9004,9004
9005,9005
9006,Aho
9007,9007
9008,9008
9009,Aho
9010,9010
9011,9011
9012,Aho
9013,Aho
9014,9014
9015,Aho
9016,9016
9017,9017
9018,Aho
9019,9019
9020,9020
9021,Aho
9022,9022
9023,Aho
9024,Aho
9025,9025
9026,9026
9027,Aho
9028,9028
9029,9029
9030,Aho
9031,Aho
9032,Aho
9033,Aho
9034,Aho
9035,Aho
9036,Aho
9037,Aho
9038,Aho
9039,Aho
9040,9040
9041,9041
9042,Aho
9043,Aho
9044,9044
9045,Aho
9046,9046
9047,9047
9048,Aho
9049,9049
9050,9050
9051,Aho
9052,9052
9053,Aho
9054,Aho
9055,9055
9056,9056
9057,Aho
9058,9058
9059,9059
9060,Aho
9061,9061
9062,9062
9063,Aho
9064,9064
9065,9065
9066,Aho
9067,9067
9068,9068
9069,Aho
9070,9070
9071,9071
9072,Aho
9073,Aho
9074,9074
9075,Aho
9076,9076
9077,9077
9078,Aho
9079,9079
9080,9080
9081,Aho
9082,9082
9083,Aho
9084,Aho
9085,9085
9086,9086
9087,Aho
9088,9088
9089,9089
9090,Aho
9091,9091
9092,9092
9093,Aho
9094,9094
9095,9095
9096,Aho
9097,9097
9098,9098
9099,Aho
9100,9100
9101,9101
9102,Aho
9103,Aho
9104,9104
9105,Aho
9106,9106
9107,9107
9108,Aho
9109,9109
9110,9110
9111,Aho
9112,9112
9113,Aho
9114,Aho
9115,9115
9116,9116
9117,Aho
9118,9118
9119,9119
9120,Aho
9121,9121
9122,9122
9123,Aho
9124,9124
9125,9125
9126,Aho
9127,9127
9128,9128
9129,Aho
9130,Aho
9131,Aho
9132,Aho
9133,Aho
9134,Aho
9135,Aho
9136,Aho
9137,Aho
9138,Aho
9139,Aho
9140,9140
9141,Aho
9142,9142
9143,Aho
9144,Aho
9145,9145
9146,9146
9147,Aho
9148,9148
9149,9149
9150,Aho
9151,9151
9152,9152
9153,Aho
9154,9154
9155,9155
9156,Aho
9157,9157
9158,9158
9159,Aho
9160,9160
9161,9161
9162,Aho
9163,Aho
9164,9164
9165,Aho
9166,9166
9167,9167
9168,Aho
9169,9169
9170,9170
9171,Aho
9172,9172
9173,Aho
9174,Aho
9175,9175
9176,9176
9177,Aho
9178,9178
9179,9179
9180,Aho
9181,9181
9182,9182
9183,Aho
9184,9184
9185,9185
9186,Aho
9187,9187
9188,9188
9189,Aho
9190,9190
9191,9191
9192,Aho
9193,Aho
9194,9194
9195,Aho
9196,9196
9197,9197
9198,Aho
9199,9199
9200,9200
9201,Aho
9202,9202
9203,Aho
9204,Aho
9205,9205
9206,9206
9207,Aho
9208,9208
9209,9209
9210,Aho
9211,9211
9212,9212
9213,Aho
9214,9214
9215,9215
9216,Aho
9217,9217
9218,9218
9219,Aho
9220,9220
9221,9221
9222,Aho
9223,Aho
9224,9224
9225,Aho
9226,9226
9227,9227
9228,Aho
9229,9229
9230,Aho
9231,Aho
9232,Aho
9233,Aho
9234,Aho
9235,Aho
9236,Aho
9237,Aho
9238,Aho
9239,Aho
9240,Aho
9241,9241
9242,9242
9243,Aho
9244,9244
9245,9245
9246,Aho
9247,9247
9248,9248
9249,Aho
9250,9250
9251,9251
9252,Aho
9253,Aho
9254,9254
9255,Aho
9256,9256
9257,9257
9258,Aho
9259,9259
9260,9260
9261,Aho
9262,9262
9263,Aho
9264,Aho
9265,9265
9266,9266
9267,Aho
9268,9268
9269,9269
9270,Aho
9271,9271
9272,9272
9273,Aho
9274,9274
9275,9275
9276,Aho
9277,9277
9278,9278
9279,Aho
9280,9280
9281,9281
9282,Aho
9283,Aho
9284,9284
9285,Aho
9286,9286
9287,9287
9288,Aho
9289,9289
9290,9290
9291,Aho
9292,9292
9293,Aho
9294,Aho
9295,9295
9296,9296
9297,Aho
9298,9298
9299,9299
9300,Aho
9301,Aho
9302,Aho
9303,Aho
9304,Aho
9305,Aho
9306,Aho
9307,Aho
9308,Aho
9309,Aho
9310,Aho
9311,Aho
9312,Aho
9313,Aho
9314,Aho
9315,Aho
9316,Aho
9317,Aho
9318,Aho
9319,Aho
9320,Aho
9321,Aho
9322,Aho
9323,Aho
9324,Aho
9325,Aho
9326,Aho
9327,Aho
9328,Aho
9329,Aho
9330,Aho
9331,Aho
9332,Aho
9333,Aho
9334,Aho
9335,Aho
9336,Aho
9337,Aho
9338,Aho
9339,Aho
9340,Aho
9341,Aho
9342,Aho
9343,Aho
9344,Aho
9345,Aho
9346,Aho
9347,Aho
9348,Aho
9349,Aho
9350,Aho
9351,Aho
9352,Aho
9353,Aho
9354,Aho
9355,Aho
9356,Aho
9357,Aho
9358,Aho
9359,Aho
9360,Aho
9361,Aho
9362,Aho
9363,Aho
9364,Aho
9365,Aho
9366,Aho
9367,Aho
9368,Aho
9369,Aho
9370,Aho
9371,Aho
9372,Aho
9373,Aho
9374,Aho
9375,Aho
9376,Aho
9377,Aho
9378,Aho
9379,Aho
9380,Aho
9381,Aho
9382,Aho
9383,Aho
9384,Aho
9385,Aho
9386,Aho
9387,Aho
9388,Aho
9389,Aho
9390,Aho
9391,Aho
9392,Aho
9393,Aho
9394,Aho
9395,Aho
9396,Aho
9397,Aho
9398,Aho
9399,Aho
9400,9400
9401,9401
9402,Aho
9403,Aho
9404,9404
9405,Aho
9406,9406
9407,9407
9408,Aho
9409,9409
9410,9410
9411,Aho
9412,9412
9413,Aho
9414,Aho
9415,9415
9416,9416
9417,Aho
9418,9418
9419,9419
9420,Aho
9421,9421
9422,9422
9423,Aho
9424,9424
9425,9425
9426,Aho
9427,9427
9428,9428
9429,Aho
9430,Aho
9431,Aho
9432,Aho
9433,Aho
9434,Aho
9435,Aho
9436,Aho
9437,Aho
9438,Aho
9439,Aho
9440,9440
9441,Aho
9442,9442
9443,Aho
9444,Aho
9445,9445
9446,9446
9447,Aho
9448,9448
9449,9449
9450,Aho
9451,9451
9452,9452
9453,Aho
9454,9454
9455,9455
9456,Aho
9457,9457
9458,9458
9459,Aho
9460,9460
9461,9461
9462,Aho
9463,Aho
9464,9464
9465,Aho
9466,9466
9467,9467
9468,Aho
9469,9469
9470,9470
9471,Aho
9472,9472
9473,Aho
9474,Aho
9475,9475
9476,9476
9477,Aho
9478,9478
9479,9479
9480,Aho
9481,9481
9482,9482
9483,Aho
9484,9484
9485,9485
9486,Aho
9487,9487
9488,9488
9489,Aho
9490,9490
9491,9491
9492,Aho
9493,Aho
9494,9494
9495,Aho
9496,9496
9497,9497
9498,Aho
9499,9499
9500,9500
9501,Aho
9502,9502
9503,Aho
9504,Aho
9505,9505
9506,9506
9507,Aho
9508,9508
9509,9509
9510,Aho
9511,9511
9512,9512
9513,Aho
9514,9514
9515,9515
9516,Aho
9517,9517
9518,9518
9519,Aho
9520,9520
9521,9521
9522,Aho
9523,Aho
9524,9524
9525,Aho
9526,9526
9527,9527
9528,Aho
9529,9529
9530,Aho
9531,Aho
9532,Aho
9533,Aho
9534,Aho
9535,Aho
9536,Aho
9537,Aho
9538,Aho
9539,Aho
9540,Aho
9541,9541
9542,9542
9543,Aho
9544,9544
9545,9545
9546,Aho
9547,9547
9548,9548
9549,Aho
9550,9550
9551,9551
9552,Aho
9553,Aho
9554,9554
9555,Aho
9556,9556
9557,9557
9558,Aho
9559,9559
9560,9560
9561,Aho
9562,9562
9563,Aho
9564,Aho
9565,9565
9566,9566
9567,Aho
9568,9568
9569,9569
9570,Aho
9571,9571
9572,9572
9573,Aho
9574,9574
9575,9575
9576,Aho
9577,9577
9578,9578
9579,Aho
9580,9580
9581,9581
9582,Aho
9583,Aho
9584,9584
9585,Aho
9586,9586
9587,9587
9588,Aho
9589,9589
9590,9590
9591,Aho
9592,9592
9593,Aho
9594,Aho
9595,9595
9596,9596
9597,Aho
9598,9598
9599,9599
9600,Aho
9601,9601
9602,9602
9603,Aho
9604,9604
9605,9605
9606,Aho
9607,9607
9608,9608
9609,Aho
9610,9610
9611,9611
9612,Aho
9613,Aho
9614,9614
9615,Aho
9616,9616
9617,9617
9618,Aho
9619,9619
9620,9620
9621,Aho
9622,9622
9623,Aho
9624,Aho
9625,9625
9626,9626
9627,Aho
9628,9628
9629,9629
9630,Aho
9631,Aho
9632,Aho
9633,Aho
9634,Aho
9635,Aho
9636,Aho
9637,Aho
9638,Aho
9639,Aho
9640,9640
9641,9641
9642,Aho
9643,Aho
9644,9644
9645,Aho
9646,9646
9647,9647
9648,Aho
9649,9649
9650,9650
9651,Aho
9652,9652
9653,Aho
9654,Aho
9655,9655
9656,9656
9657,Aho
9658,9658
9659,9659
9660,Aho
9661,9661
9662,9662
9663,Aho
9664,9664
9665,9665
9666,Aho
9667,9667
9668,9668
9669,Aho
9670,9670
9671,9671
9672,Aho
9673,Aho
9674,9674
9675,Aho
9676,9676
9677,9677
9678,Aho
9679,9679
9680,9680
9681,Aho
9682,9682
9683,Aho
9684,Aho
9685,9685
9686,9686
9687,Aho
9688,9688
9689,9689
9690,Aho
9691,9691
9692,9692
9693,Aho
9694,9694
9695,9695
9696,Aho
9697,9697
9698,9698
9699,Aho
9700,9700
9701,9701
9702,Aho
9703,Aho
9704,9704
9705,Aho
9706,9706
9707,9707
9708,Aho
9709,9709
9710,9710
9711,Aho
9712,9712
9713,Aho
9714,Aho
9715,9715
9716,9716
9717,Aho
9718,9718
9719,9719
9720,Aho
9721,9721
9722,9722
9723,Aho
9724,9724
9725,9725
9726,Aho
9727,9727
9728,9728
9729,Aho
9730,Aho
9731,Aho
9732,Aho
9733,Aho
9734,Aho
9735,Aho
9736,Aho
9737,Aho
9738,Aho
9739,Aho
9740,9740
9741,Aho
9742,9742
9743,Aho
9744,Aho
9745,9745
9746,9746
9747,Aho
9748,9748
9749,9749
9750,Aho
9751,9751
9752,9752
9753,Aho
9754,9754
9755,9755
9756,Aho
9757,9757
9758,9758
9759,Aho
9760,9760
9761,9761
9762,Aho
9763,Aho
9764,9764
9765,Aho
9766,9766
9767,9767
9768,Aho
9769,9769
9770,9770
9771,Aho
9772,9772
9773,Aho
9774,Aho
9775,9775
9776,9776
9777,Aho
9778,9778
9779,9779
9780,Aho
9781,9781
9782,9782
9783,Aho
9784,9784
9785,9785
9786,Aho
9787,9787
9788,9788
9789,Aho
9790,9790
9791,9791
9792,Aho
9793,Aho
9794,9794
9795,Aho
9796,9796
9797,9797
9798,Aho
9799,9799
9800,9800
9801,Aho
9802,9802
9803,Aho
9804,Aho
9805,9805
9806,9806
9807,Aho
9808,9808
9809,9809
9810,Aho
9811,9811
9812,9812
9813,Aho
9814,9814
9815,9815
9816,Aho
9817,9817
9818,9818
9819,Aho
9820,9820
9821,9821
9822,Aho
9823,Aho
9824,9824
9825,Aho
9826,9826
9827,9827
9828,Aho
9829,9829
9830,Aho
9831,Aho
9832,Aho
9833,Aho
9834,Aho
9835,Aho
9836,Aho
9837,Aho
9838,Aho
9839,Aho
9840,Aho
9841,9841
9842,9842
9843,Aho
9844,9844
9845,9845
9846,Aho
9847,9847
9848,9848
9849,Aho
9850,9850
9851,9851
9852,Aho
9853,Aho
9854,9854
9855,Aho
9856,9856
9857,9857
9858,Aho
9859,9859
9860,9860
9861,Aho
9862,9862
9863,Aho
9864,Aho
9865,9865
9866,9866
9867,Aho
9868,9868
9869,9869
9870,Aho
9871,9871
9872,9872
9873,Aho
9874,9874
9875,9875
9876,Aho
9877,9877
9878,9878
9879,Aho
9880,9880
9881,9881
9882,Aho
9883,Aho
9884,9884
9885,Aho
9886,9886
9887,9887
9888,Aho
9889,9889
9890,9890
9891,Aho
9892,9892
9893,Aho
9894,Aho
9895,9895
9896,9896
9897,Aho
9898,9898
9899,9899
9900,Aho
9901,9901
9902,9902
9903,Aho
9904,9904
9905,9905
9906,Aho
9907,9907
9908,9908
9909,Aho
9910,9910
9911,9911
9912,Aho
9913,Aho
9914,9914
9915,Aho
9916,9916
9917,9917
9918,Aho
9919,9919
9920,9920
9921,Aho
9922,9922
9923,Aho
9924,Aho
9925,9925
9926,9926
9927,Aho
9928,9928
9929,9929
9930,Aho
9931,Aho
9932,Aho
9933,Aho
9934,Aho
9935,Aho
9936,Aho
9937,Aho
9938,Aho
9939,Aho
9940,9940
9941,9941
9942,Aho
9943,Aho
9944,9944
9945,Aho
9946,9946
9947,9947
9948,Aho
9949,9949
9950,9950
9951,Aho
9952,9952
9953,Aho
9954,Aho
9955,9955
9956,9956
9957,Aho
9958,9958
9959,9959
9960,Aho
9961,9961
9962,9962
9963,Aho
9964,9964
9965,9965
9966,Aho
9967,9967
9968,9968
9969,Aho
9970,9970
9971,9971
9972,Aho
9973,Aho
9974,9974
9975,Aho
9976,9976
9977,9977
9978,Aho
9979,9979
9980,9980
9981,Aho
9982,9982
9983,Aho
9984,Aho
9985,9985
9986,9986
9987,Aho
9988,9988
9989,9989
9990,Aho
9991,9991
9992,9992
9993,Aho
9994,9994
9995,9995
9996,Aho
9997,9997
9998,9998
9999,Aho
